directory,subject,timestamp,x,y,z,activity_type
2807,U3,2024-09-05 21:25:00.002000+01:00,1.896,-0.558,9.938,2 (FACING camera) both hands SHAKING (sitting position)
2807,U3,2024-09-05 21:25:00.162000+01:00,1.903,-0.536,9.938,2 (FACING camera) both hands SHAKING (sitting position)
2807,U3,2024-09-05 21:25:00.325000+01:00,1.884,-0.575,9.936,2 (FACING camera) both hands SHAKING (sitting position)
2807,U3,2024-09-05 21:25:00.481000+01:00,1.894,-0.551,9.924,2 (FACING camera) both hands SHAKING (sitting position)
2807,U3,2024-09-05 21:25:00.642000+01:00,1.877,-0.577,9.922,2 (FACING camera) both hands SHAKING (sitting position)
2807,U3,2024-09-05 21:25:00.803000+01:00,1.875,-0.579,9.936,2 (FACING camera) both hands SHAKING (sitting position)
2807,U3,2024-09-05 21:25:00.961000+01:00,1.899,-0.572,9.934,2 (FACING camera) both hands SHAKING (sitting position)
2807,U3,2024-09-05 21:25:01.122000+01:00,1.891,-0.558,9.929,2 (FACING camera) both hands SHAKING (sitting position)
2807,U3,2024-09-05 21:25:01.282000+01:00,1.899,-0.572,9.931,2 (FACING camera) both hands SHAKING (sitting position)
2807,U3,2024-09-05 21:25:01.444000+01:00,1.896,-0.589,9.924,2 (FACING camera) both hands SHAKING (sitting position)
2807,U3,2024-09-05 21:25:01.601000+01:00,1.889,-0.572,9.919,2 (FACING camera) both hands SHAKING (sitting position)
2807,U3,2024-09-05 21:25:01.762000+01:00,1.891,-0.594,9.931,2 (FACING camera) both hands SHAKING (sitting position)
2807,U3,2024-09-05 21:25:01.921000+01:00,1.894,-0.577,9.936,2 (FACING camera) both hands SHAKING (sitting position)
2807,U3,2024-09-05 21:25:02.081000+01:00,1.896,-0.577,9.931,2 (FACING camera) both hands SHAKING (sitting position)
2807,U3,2024-09-05 21:25:02.244000+01:00,1.879,-0.565,9.931,2 (FACING camera) both hands SHAKING (sitting position)
2807,U3,2024-09-05 21:25:02.404000+01:00,1.894,-0.57,9.938,2 (FACING camera) both hands SHAKING (sitting position)
2807,U3,2024-09-05 21:25:02.563000+01:00,1.875,-0.558,9.936,2 (FACING camera) both hands SHAKING (sitting position)
2807,U3,2024-09-05 21:25:02.724000+01:00,1.875,-0.563,9.938,2 (FACING camera) both hands SHAKING (sitting position)
2807,U3,2024-09-05 21:25:02.883000+01:00,1.884,-0.551,9.924,2 (FACING camera) both hands SHAKING (sitting position)
2807,U3,2024-09-05 21:25:03.041000+01:00,1.894,-0.567,9.919,2 (FACING camera) both hands SHAKING (sitting position)
2807,U3,2024-09-05 21:25:03.203000+01:00,1.901,-0.543,9.941,2 (FACING camera) both hands SHAKING (sitting position)
2807,U3,2024-09-05 21:25:03.361000+01:00,1.882,-0.551,9.914,2 (FACING camera) both hands SHAKING (sitting position)
2807,U3,2024-09-05 21:25:03.522000+01:00,1.896,-0.546,9.924,2 (FACING camera) both hands SHAKING (sitting position)
2807,U3,2024-09-05 21:25:03.682000+01:00,1.879,-0.551,9.934,2 (FACING camera) both hands SHAKING (sitting position)
2807,U3,2024-09-05 21:25:03.841000+01:00,1.894,-0.567,9.924,2 (FACING camera) both hands SHAKING (sitting position)
2807,U3,2024-09-05 21:25:04+01:00,1.882,-0.553,9.924,2 (FACING camera) both hands SHAKING (sitting position)
2807,U3,2024-09-05 21:25:04.162000+01:00,1.891,-0.548,9.938,2 (FACING camera) both hands SHAKING (sitting position)
2807,U3,2024-09-05 21:25:04.322000+01:00,1.901,-0.543,9.936,2 (FACING camera) both hands SHAKING (sitting position)
2807,U3,2024-09-05 21:25:04.483000+01:00,1.899,-0.555,9.919,2 (FACING camera) both hands SHAKING (sitting position)
2807,U3,2024-09-05 21:25:04.644000+01:00,1.875,-0.543,9.926,2 (FACING camera) both hands SHAKING (sitting position)
2807,U3,2024-09-05 21:25:04.805000+01:00,1.879,-0.565,9.912,2 (FACING camera) both hands SHAKING (sitting position)
2807,U3,2024-09-05 21:25:04.962000+01:00,1.894,-0.555,9.924,2 (FACING camera) both hands SHAKING (sitting position)
2807,U3,2024-09-05 21:25:05.122000+01:00,1.875,-0.543,9.917,2 (FACING camera) both hands SHAKING (sitting position)
2807,U3,2024-09-05 21:25:05.284000+01:00,1.884,-0.575,9.917,2 (FACING camera) both hands SHAKING (sitting position)
2807,U3,2024-09-05 21:25:05.442000+01:00,1.879,-0.546,9.931,2 (FACING camera) both hands SHAKING (sitting position)
2807,U3,2024-09-05 21:25:05.601000+01:00,1.882,-0.551,9.931,2 (FACING camera) both hands SHAKING (sitting position)
2807,U3,2024-09-05 21:25:05.765000+01:00,1.889,-0.587,9.91,2 (FACING camera) both hands SHAKING (sitting position)
2807,U3,2024-09-05 21:25:05.922000+01:00,1.889,-0.546,9.936,2 (FACING camera) both hands SHAKING (sitting position)
2807,U3,2024-09-05 21:25:06.084000+01:00,1.884,-0.579,9.912,2 (FACING camera) both hands SHAKING (sitting position)
2807,U3,2024-09-05 21:25:06.240000+01:00,1.899,-0.577,9.922,2 (FACING camera) both hands SHAKING (sitting position)
2807,U3,2024-09-05 21:25:06.402000+01:00,1.899,-0.567,9.929,2 (FACING camera) both hands SHAKING (sitting position)
2807,U3,2024-09-05 21:25:06.564000+01:00,1.887,-0.572,9.926,2 (FACING camera) both hands SHAKING (sitting position)
2807,U3,2024-09-05 21:25:06.725000+01:00,1.901,-0.551,9.922,2 (FACING camera) both hands SHAKING (sitting position)
2807,U3,2024-09-05 21:25:06.884000+01:00,1.901,-0.572,9.924,2 (FACING camera) both hands SHAKING (sitting position)
2807,U3,2024-09-05 21:25:07.041000+01:00,1.889,-0.575,9.929,2 (FACING camera) both hands SHAKING (sitting position)
2807,U3,2024-09-05 21:25:07.201000+01:00,1.891,-0.563,9.934,2 (FACING camera) both hands SHAKING (sitting position)
2807,U3,2024-09-05 21:25:07.362000+01:00,1.891,-0.572,9.931,2 (FACING camera) both hands SHAKING (sitting position)
2807,U3,2024-09-05 21:25:07.525000+01:00,1.875,-0.565,9.936,2 (FACING camera) both hands SHAKING (sitting position)
2807,U3,2024-09-05 21:25:07.684000+01:00,1.899,-0.548,9.934,2 (FACING camera) both hands SHAKING (sitting position)
2807,U3,2024-09-05 21:25:07.842000+01:00,1.891,-0.565,9.926,2 (FACING camera) both hands SHAKING (sitting position)
2807,U3,2024-09-05 21:25:08.005000+01:00,1.891,-0.558,9.914,2 (FACING camera) both hands SHAKING (sitting position)
2807,U3,2024-09-05 21:25:08.162000+01:00,1.894,-0.546,9.926,2 (FACING camera) both hands SHAKING (sitting position)
2807,U3,2024-09-05 21:25:08.325000+01:00,1.863,-0.546,9.926,2 (FACING camera) both hands SHAKING (sitting position)
2807,U3,2024-09-05 21:25:08.485000+01:00,1.879,-0.558,9.922,2 (FACING camera) both hands SHAKING (sitting position)
2807,U3,2024-09-05 21:25:08.641000+01:00,1.884,-0.56,9.929,2 (FACING camera) both hands SHAKING (sitting position)
2807,U3,2024-09-05 21:25:08.805000+01:00,1.877,-0.563,9.938,2 (FACING camera) both hands SHAKING (sitting position)
2807,U3,2024-09-05 21:25:08.960000+01:00,1.877,-0.575,9.922,2 (FACING camera) both hands SHAKING (sitting position)
2807,U3,2024-09-05 21:25:09.121000+01:00,1.901,-0.567,9.922,2 (FACING camera) both hands SHAKING (sitting position)
2807,U3,2024-09-05 21:25:09.284000+01:00,1.884,-0.575,9.919,2 (FACING camera) both hands SHAKING (sitting position)
2807,U3,2024-09-05 21:25:09.441000+01:00,1.884,-0.572,9.943,2 (FACING camera) both hands SHAKING (sitting position)
2807,U3,2024-09-05 21:25:09.601000+01:00,1.896,-0.575,9.91,2 (FACING camera) both hands SHAKING (sitting position)
2807,U3,2024-09-05 21:25:09.762000+01:00,1.882,-0.553,9.936,2 (FACING camera) both hands SHAKING (sitting position)
2807,U3,2024-09-05 21:25:09.925000+01:00,1.889,-0.563,9.926,2 (FACING camera) both hands SHAKING (sitting position)
2807,U3,2024-09-05 21:25:10.080000+01:00,1.882,-0.57,9.924,2 (FACING camera) both hands SHAKING (sitting position)
2807,U3,2024-09-05 21:25:10.242000+01:00,1.889,-0.553,9.934,2 (FACING camera) both hands SHAKING (sitting position)
2807,U3,2024-09-05 21:25:10.399000+01:00,1.884,-0.572,9.924,2 (FACING camera) both hands SHAKING (sitting position)
2807,U3,2024-09-05 21:25:10.565000+01:00,1.896,-0.57,9.917,2 (FACING camera) both hands SHAKING (sitting position)
2807,U3,2024-09-05 21:25:10.724000+01:00,1.887,-0.56,9.936,2 (FACING camera) both hands SHAKING (sitting position)
2807,U3,2024-09-05 21:25:10.886000+01:00,1.882,-0.582,9.924,2 (FACING camera) both hands SHAKING (sitting position)
2807,U3,2024-09-05 21:25:11.041000+01:00,1.882,-0.565,9.924,2 (FACING camera) both hands SHAKING (sitting position)
2807,U3,2024-09-05 21:25:11.202000+01:00,1.901,-0.584,9.922,2 (FACING camera) both hands SHAKING (sitting position)
2807,U3,2024-09-05 21:25:11.364000+01:00,1.889,-0.563,9.924,2 (FACING camera) both hands SHAKING (sitting position)
2807,U3,2024-09-05 21:25:11.522000+01:00,1.872,-0.555,9.934,2 (FACING camera) both hands SHAKING (sitting position)
2807,U3,2024-09-05 21:25:11.684000+01:00,1.901,-0.572,9.934,2 (FACING camera) both hands SHAKING (sitting position)
2807,U3,2024-09-05 21:25:11.845000+01:00,1.901,-0.563,9.934,2 (FACING camera) both hands SHAKING (sitting position)
2807,U3,2024-09-05 21:25:12+01:00,1.87,-0.563,9.934,2 (FACING camera) both hands SHAKING (sitting position)
2807,U3,2024-09-05 21:25:12.163000+01:00,1.879,-0.57,9.936,2 (FACING camera) both hands SHAKING (sitting position)
2807,U3,2024-09-05 21:25:12.323000+01:00,1.889,-0.575,9.917,2 (FACING camera) both hands SHAKING (sitting position)
2807,U3,2024-09-05 21:25:12.484000+01:00,1.877,-0.575,9.917,2 (FACING camera) both hands SHAKING (sitting position)
2807,U3,2024-09-05 21:25:12.641000+01:00,1.875,-0.565,9.919,2 (FACING camera) both hands SHAKING (sitting position)
2807,U3,2024-09-05 21:25:12.801000+01:00,1.889,-0.558,9.941,2 (FACING camera) both hands SHAKING (sitting position)
2807,U3,2024-09-05 21:25:12.964000+01:00,1.889,-0.553,9.934,2 (FACING camera) both hands SHAKING (sitting position)
2807,U3,2024-09-05 21:25:13.121000+01:00,1.879,-0.543,9.922,2 (FACING camera) both hands SHAKING (sitting position)
2807,U3,2024-09-05 21:25:13.282000+01:00,1.894,-0.563,9.919,2 (FACING camera) both hands SHAKING (sitting position)
2807,U3,2024-09-05 21:25:13.440000+01:00,1.879,-0.565,9.907,2 (FACING camera) both hands SHAKING (sitting position)
2807,U3,2024-09-05 21:25:13.601000+01:00,1.901,-0.551,9.912,2 (FACING camera) both hands SHAKING (sitting position)
2807,U3,2024-09-05 21:25:13.762000+01:00,1.87,-0.575,9.931,2 (FACING camera) both hands SHAKING (sitting position)
2807,U3,2024-09-05 21:25:13.920000+01:00,1.877,-0.572,9.905,2 (FACING camera) both hands SHAKING (sitting position)
2807,U3,2024-09-05 21:25:14.085000+01:00,1.896,-0.567,9.924,2 (FACING camera) both hands SHAKING (sitting position)
2807,U3,2024-09-05 21:25:14.243000+01:00,1.884,-0.572,9.941,2 (FACING camera) both hands SHAKING (sitting position)
2807,U3,2024-09-05 21:25:14.405000+01:00,1.891,-0.565,9.941,2 (FACING camera) both hands SHAKING (sitting position)
2807,U3,2024-09-05 21:25:14.562000+01:00,1.896,-0.579,9.914,2 (FACING camera) both hands SHAKING (sitting position)
2807,U3,2024-09-05 21:25:14.724000+01:00,1.879,-0.57,9.95,2 (FACING camera) both hands SHAKING (sitting position)
2807,U3,2024-09-05 21:25:14.884000+01:00,1.875,-0.563,9.922,2 (FACING camera) both hands SHAKING (sitting position)
2807,U3,2024-09-05 21:25:15.041000+01:00,1.894,-0.567,9.917,2 (FACING camera) both hands SHAKING (sitting position)
2807,U3,2024-09-05 21:25:15.205000+01:00,1.894,-0.563,9.934,2 (FACING camera) both hands SHAKING (sitting position)
2807,U3,2024-09-05 21:25:15.363000+01:00,1.882,-0.553,9.95,2 (FACING camera) both hands SHAKING (sitting position)
2807,U3,2024-09-05 21:25:15.520000+01:00,1.896,-0.577,9.929,2 (FACING camera) both hands SHAKING (sitting position)
2807,U3,2024-09-05 21:25:15.685000+01:00,1.879,-0.57,9.924,2 (FACING camera) both hands SHAKING (sitting position)
2807,U3,2024-09-05 21:25:15.845000+01:00,1.877,-0.572,9.938,2 (FACING camera) both hands SHAKING (sitting position)
2807,U3,2024-09-05 21:25:16.001000+01:00,1.879,-0.553,9.931,2 (FACING camera) both hands SHAKING (sitting position)
2807,U3,2024-09-05 21:25:16.160000+01:00,1.879,-0.563,9.946,2 (FACING camera) both hands SHAKING (sitting position)
2807,U3,2024-09-05 21:25:16.324000+01:00,1.889,-0.567,9.943,2 (FACING camera) both hands SHAKING (sitting position)
2807,U3,2024-09-05 21:25:16.485000+01:00,1.887,-0.555,9.926,2 (FACING camera) both hands SHAKING (sitting position)
2807,U3,2024-09-05 21:25:16.642000+01:00,1.887,-0.565,9.902,2 (FACING camera) both hands SHAKING (sitting position)
2807,U3,2024-09-05 21:25:16.804000+01:00,1.882,-0.551,9.929,2 (FACING camera) both hands SHAKING (sitting position)
2807,U3,2024-09-05 21:25:16.961000+01:00,1.884,-0.565,9.931,2 (FACING camera) both hands SHAKING (sitting position)
2807,U3,2024-09-05 21:25:17.121000+01:00,1.899,-0.567,9.924,2 (FACING camera) both hands SHAKING (sitting position)
2807,U3,2024-09-05 21:25:17.282000+01:00,1.884,-0.563,9.919,2 (FACING camera) both hands SHAKING (sitting position)
2807,U3,2024-09-05 21:25:17.444000+01:00,1.877,-0.563,9.929,2 (FACING camera) both hands SHAKING (sitting position)
2807,U3,2024-09-05 21:25:17.601000+01:00,1.887,-0.579,9.931,2 (FACING camera) both hands SHAKING (sitting position)
2807,U3,2024-09-05 21:25:17.764000+01:00,1.903,-0.563,9.938,2 (FACING camera) both hands SHAKING (sitting position)
2807,U3,2024-09-05 21:25:17.925000+01:00,1.865,-0.572,9.936,2 (FACING camera) both hands SHAKING (sitting position)
2807,U3,2024-09-05 21:25:18.083000+01:00,1.903,-0.582,9.926,2 (FACING camera) both hands SHAKING (sitting position)
2807,U3,2024-09-05 21:25:18.243000+01:00,1.879,-0.567,9.922,2 (FACING camera) both hands SHAKING (sitting position)
2807,U3,2024-09-05 21:25:18.405000+01:00,1.899,-0.558,9.912,2 (FACING camera) both hands SHAKING (sitting position)
2807,U3,2024-09-05 21:25:18.564000+01:00,1.879,-0.565,9.946,2 (FACING camera) both hands SHAKING (sitting position)
2807,U3,2024-09-05 21:25:18.724000+01:00,1.894,-0.543,9.914,2 (FACING camera) both hands SHAKING (sitting position)
2807,U3,2024-09-05 21:25:18.882000+01:00,1.877,-0.567,9.917,2 (FACING camera) both hands SHAKING (sitting position)
2807,U3,2024-09-05 21:25:19.044000+01:00,1.879,-0.553,9.914,2 (FACING camera) both hands SHAKING (sitting position)
2807,U3,2024-09-05 21:25:19.205000+01:00,1.889,-0.551,9.934,2 (FACING camera) both hands SHAKING (sitting position)
2807,U3,2024-09-05 21:25:19.362000+01:00,1.867,-0.563,9.919,2 (FACING camera) both hands SHAKING (sitting position)
2807,U3,2024-09-05 21:25:19.521000+01:00,1.87,-0.575,9.946,2 (FACING camera) both hands SHAKING (sitting position)
2807,U3,2024-09-05 21:25:19.682000+01:00,1.887,-0.56,9.919,2 (FACING camera) both hands SHAKING (sitting position)
2807,U3,2024-09-05 21:25:19.844000+01:00,1.906,-0.57,9.936,2 (FACING camera) both hands SHAKING (sitting position)
2807,U3,2024-09-05 21:25:20.001000+01:00,1.882,-0.563,9.919,2 (FACING camera) both hands SHAKING (sitting position)
2807,U3,2024-09-05 21:25:20.164000+01:00,1.884,-0.548,9.929,2 (FACING camera) both hands SHAKING (sitting position)
2807,U3,2024-09-05 21:25:20.324000+01:00,1.889,-0.567,9.931,2 (FACING camera) both hands SHAKING (sitting position)
2807,U3,2024-09-05 21:25:20.482000+01:00,1.887,-0.575,9.953,2 (FACING camera) both hands SHAKING (sitting position)
2807,U3,2024-09-05 21:25:20.642000+01:00,1.906,-0.567,9.95,2 (FACING camera) both hands SHAKING (sitting position)
2807,U3,2024-09-05 21:25:20.805000+01:00,1.884,-0.572,9.919,2 (FACING camera) both hands SHAKING (sitting position)
2807,U3,2024-09-05 21:25:20.961000+01:00,1.894,-0.567,9.936,2 (FACING camera) both hands SHAKING (sitting position)
2807,U3,2024-09-05 21:25:21.121000+01:00,1.875,-0.551,9.931,2 (FACING camera) both hands SHAKING (sitting position)
2807,U3,2024-09-05 21:25:21.284000+01:00,1.887,-0.567,9.919,2 (FACING camera) both hands SHAKING (sitting position)
2807,U3,2024-09-05 21:25:21.442000+01:00,1.899,-0.558,9.926,2 (FACING camera) both hands SHAKING (sitting position)
2807,U3,2024-09-05 21:25:21.601000+01:00,1.889,-0.558,9.922,2 (FACING camera) both hands SHAKING (sitting position)
2807,U3,2024-09-05 21:25:21.764000+01:00,1.891,-0.567,9.91,2 (FACING camera) both hands SHAKING (sitting position)
2807,U3,2024-09-05 21:25:21.922000+01:00,1.879,-0.57,9.941,2 (FACING camera) both hands SHAKING (sitting position)
2807,U3,2024-09-05 21:25:22.084000+01:00,1.884,-0.563,9.934,2 (FACING camera) both hands SHAKING (sitting position)
2807,U3,2024-09-05 21:25:22.245000+01:00,1.889,-0.567,9.91,2 (FACING camera) both hands SHAKING (sitting position)
2807,U3,2024-09-05 21:25:22.404000+01:00,1.884,-0.553,9.936,2 (FACING camera) both hands SHAKING (sitting position)
2807,U3,2024-09-05 21:25:22.561000+01:00,1.901,-0.567,9.922,2 (FACING camera) both hands SHAKING (sitting position)
2807,U3,2024-09-05 21:25:22.721000+01:00,1.889,-0.57,9.919,2 (FACING camera) both hands SHAKING (sitting position)
2807,U3,2024-09-05 21:25:22.885000+01:00,1.867,-0.565,9.922,2 (FACING camera) both hands SHAKING (sitting position)
2807,U3,2024-09-05 21:25:23.042000+01:00,1.894,-0.572,9.929,2 (FACING camera) both hands SHAKING (sitting position)
2807,U3,2024-09-05 21:25:23.204000+01:00,1.884,-0.551,9.917,2 (FACING camera) both hands SHAKING (sitting position)
2807,U3,2024-09-05 21:25:23.362000+01:00,1.901,-0.56,9.936,2 (FACING camera) both hands SHAKING (sitting position)
2807,U3,2024-09-05 21:25:23.525000+01:00,1.891,-0.543,9.931,2 (FACING camera) both hands SHAKING (sitting position)
2807,U3,2024-09-05 21:25:23.685000+01:00,1.899,-0.56,9.922,2 (FACING camera) both hands SHAKING (sitting position)
2807,U3,2024-09-05 21:25:23.844000+01:00,1.884,-0.543,9.943,2 (FACING camera) both hands SHAKING (sitting position)
2807,U3,2024-09-05 21:25:24.002000+01:00,1.894,-0.553,9.936,2 (FACING camera) both hands SHAKING (sitting position)
2807,U3,2024-09-05 21:25:24.160000+01:00,1.887,-0.555,9.924,2 (FACING camera) both hands SHAKING (sitting position)
2807,U3,2024-09-05 21:25:24.321000+01:00,1.889,-0.56,9.943,2 (FACING camera) both hands SHAKING (sitting position)
2807,U3,2024-09-05 21:25:24.482000+01:00,1.884,-0.551,9.941,2 (FACING camera) both hands SHAKING (sitting position)
2807,U3,2024-09-05 21:25:24.642000+01:00,1.894,-0.546,9.922,2 (FACING camera) both hands SHAKING (sitting position)
2807,U3,2024-09-05 21:25:24.802000+01:00,1.879,-0.567,9.936,2 (FACING camera) both hands SHAKING (sitting position)
2807,U3,2024-09-05 21:25:24.965000+01:00,1.899,-0.567,9.919,2 (FACING camera) both hands SHAKING (sitting position)
2807,U3,2024-09-05 21:25:25.121000+01:00,1.889,-0.57,9.936,2 (FACING camera) both hands SHAKING (sitting position)
2807,U3,2024-09-05 21:25:25.284000+01:00,1.877,-0.589,9.936,2 (FACING camera) both hands SHAKING (sitting position)
2807,U3,2024-09-05 21:25:25.445000+01:00,1.884,-0.555,9.924,2 (FACING camera) both hands SHAKING (sitting position)
2807,U3,2024-09-05 21:25:25.601000+01:00,1.875,-0.575,9.934,2 (FACING camera) both hands SHAKING (sitting position)
2807,U3,2024-09-05 21:25:25.765000+01:00,1.884,-0.577,9.941,2 (FACING camera) both hands SHAKING (sitting position)
2807,U3,2024-09-05 21:25:25.925000+01:00,1.882,-0.567,9.936,2 (FACING camera) both hands SHAKING (sitting position)
2807,U3,2024-09-05 21:25:26.084000+01:00,1.875,-0.57,9.922,2 (FACING camera) both hands SHAKING (sitting position)
2807,U3,2024-09-05 21:25:26.244000+01:00,1.872,-0.572,9.929,2 (FACING camera) both hands SHAKING (sitting position)
2807,U3,2024-09-05 21:25:26.404000+01:00,1.896,-0.563,9.924,2 (FACING camera) both hands SHAKING (sitting position)
2807,U3,2024-09-05 21:25:26.564000+01:00,1.894,-0.57,9.934,2 (FACING camera) both hands SHAKING (sitting position)
2807,U3,2024-09-05 21:25:26.724000+01:00,1.879,-0.575,9.926,2 (FACING camera) both hands SHAKING (sitting position)
2807,U3,2024-09-05 21:25:26.885000+01:00,1.877,-0.567,9.912,2 (FACING camera) both hands SHAKING (sitting position)
2807,U3,2024-09-05 21:25:27.041000+01:00,1.884,-0.563,9.938,2 (FACING camera) both hands SHAKING (sitting position)
2807,U3,2024-09-05 21:25:27.200000+01:00,1.882,-0.551,9.946,2 (FACING camera) both hands SHAKING (sitting position)
2807,U3,2024-09-05 21:25:27.365000+01:00,1.896,-0.57,9.926,2 (FACING camera) both hands SHAKING (sitting position)
2807,U3,2024-09-05 21:25:27.521000+01:00,1.901,-0.57,9.934,2 (FACING camera) both hands SHAKING (sitting position)
2807,U3,2024-09-05 21:25:27.684000+01:00,1.879,-0.563,9.926,2 (FACING camera) both hands SHAKING (sitting position)
2807,U3,2024-09-05 21:25:27.844000+01:00,1.889,-0.553,9.922,2 (FACING camera) both hands SHAKING (sitting position)
2807,U3,2024-09-05 21:25:28.002000+01:00,1.889,-0.57,9.924,2 (FACING camera) both hands SHAKING (sitting position)
2807,U3,2024-09-05 21:25:28.161000+01:00,1.879,-0.558,9.929,2 (FACING camera) both hands SHAKING (sitting position)
2807,U3,2024-09-05 21:25:28.320000+01:00,1.899,-0.572,9.929,2 (FACING camera) both hands SHAKING (sitting position)
2807,U3,2024-09-05 21:25:28.482000+01:00,1.884,-0.57,9.922,2 (FACING camera) both hands SHAKING (sitting position)
2807,U3,2024-09-05 21:25:28.640000+01:00,1.896,-0.558,9.924,2 (FACING camera) both hands SHAKING (sitting position)
2807,U3,2024-09-05 21:25:28.804000+01:00,1.894,-0.551,9.934,2 (FACING camera) both hands SHAKING (sitting position)
2807,U3,2024-09-05 21:25:28.964000+01:00,1.884,-0.553,9.919,2 (FACING camera) both hands SHAKING (sitting position)
2807,U3,2024-09-05 21:25:29.125000+01:00,1.889,-0.57,9.914,2 (FACING camera) both hands SHAKING (sitting position)
2807,U3,2024-09-05 21:25:29.281000+01:00,1.891,-0.565,9.922,2 (FACING camera) both hands SHAKING (sitting position)
2807,U3,2024-09-05 21:25:29.440000+01:00,1.891,-0.563,9.917,2 (FACING camera) both hands SHAKING (sitting position)
2807,U3,2024-09-05 21:25:29.601000+01:00,1.887,-0.575,9.941,2 (FACING camera) both hands SHAKING (sitting position)
2807,U3,2024-09-05 21:25:29.763000+01:00,1.884,-0.572,9.929,2 (FACING camera) both hands SHAKING (sitting position)
2807,U3,2024-09-05 21:25:29.925000+01:00,1.884,-0.565,9.917,2 (FACING camera) both hands SHAKING (sitting position)
2807,U3,2024-09-05 21:25:30.084000+01:00,1.887,-0.56,9.926,2 (FACING camera) both hands SHAKING (sitting position)
2807,U3,2024-09-05 21:25:30.246000+01:00,1.884,-0.572,9.943,2 (FACING camera) both hands SHAKING (sitting position)
2807,U3,2024-09-05 21:25:30.404000+01:00,1.896,-0.56,9.931,2 (FACING camera) both hands SHAKING (sitting position)
2807,U3,2024-09-05 21:25:30.565000+01:00,1.875,-0.563,9.922,2 (FACING camera) both hands SHAKING (sitting position)
2807,U3,2024-09-05 21:25:30.723000+01:00,1.884,-0.563,9.938,2 (FACING camera) both hands SHAKING (sitting position)
2807,U3,2024-09-05 21:25:30.882000+01:00,1.894,-0.577,9.91,2 (FACING camera) both hands SHAKING (sitting position)
2807,U3,2024-09-05 21:25:31.042000+01:00,1.899,-0.565,9.922,2 (FACING camera) both hands SHAKING (sitting position)
2807,U3,2024-09-05 21:25:31.205000+01:00,1.884,-0.577,9.941,2 (FACING camera) both hands SHAKING (sitting position)
2807,U3,2024-09-05 21:25:31.363000+01:00,1.884,-0.567,9.924,2 (FACING camera) both hands SHAKING (sitting position)
2807,U3,2024-09-05 21:25:31.525000+01:00,1.896,-0.575,9.919,2 (FACING camera) both hands SHAKING (sitting position)
2807,U3,2024-09-05 21:25:31.682000+01:00,1.884,-0.558,9.931,2 (FACING camera) both hands SHAKING (sitting position)
2807,U3,2024-09-05 21:25:31.845000+01:00,1.882,-0.563,9.929,2 (FACING camera) both hands SHAKING (sitting position)
2807,U3,2024-09-05 21:25:32.004000+01:00,1.887,-0.558,9.914,2 (FACING camera) both hands SHAKING (sitting position)
2807,U3,2024-09-05 21:25:32.164000+01:00,1.901,-0.541,9.922,2 (FACING camera) both hands SHAKING (sitting position)
2807,U3,2024-09-05 21:25:32.322000+01:00,1.877,-0.563,9.919,2 (FACING camera) both hands SHAKING (sitting position)
2807,U3,2024-09-05 21:25:32.480000+01:00,1.891,-0.555,9.929,2 (FACING camera) both hands SHAKING (sitting position)
2807,U3,2024-09-05 21:25:32.641000+01:00,1.882,-0.56,9.926,2 (FACING camera) both hands SHAKING (sitting position)
2807,U3,2024-09-05 21:25:32.805000+01:00,1.877,-0.553,9.955,2 (FACING camera) both hands SHAKING (sitting position)
2807,U3,2024-09-05 21:25:32.962000+01:00,1.889,-0.57,9.922,2 (FACING camera) both hands SHAKING (sitting position)
2807,U3,2024-09-05 21:25:33.122000+01:00,1.887,-0.577,9.926,2 (FACING camera) both hands SHAKING (sitting position)
2807,U3,2024-09-05 21:25:33.282000+01:00,1.884,-0.575,9.919,2 (FACING camera) both hands SHAKING (sitting position)
2807,U3,2024-09-05 21:25:33.443000+01:00,1.896,-0.553,9.919,2 (FACING camera) both hands SHAKING (sitting position)
2807,U3,2024-09-05 21:25:33.600000+01:00,1.889,-0.558,9.922,2 (FACING camera) both hands SHAKING (sitting position)
2807,U3,2024-09-05 21:25:33.761000+01:00,1.875,-0.558,9.926,2 (FACING camera) both hands SHAKING (sitting position)
2807,U3,2024-09-05 21:25:33.922000+01:00,1.889,-0.558,9.919,2 (FACING camera) both hands SHAKING (sitting position)
2807,U3,2024-09-05 21:25:34.084000+01:00,1.903,-0.56,9.934,2 (FACING camera) both hands SHAKING (sitting position)
2807,U3,2024-09-05 21:25:34.241000+01:00,1.896,-0.555,9.919,2 (FACING camera) both hands SHAKING (sitting position)
2807,U3,2024-09-05 21:25:34.404000+01:00,1.887,-0.548,9.938,2 (FACING camera) both hands SHAKING (sitting position)
2807,U3,2024-09-05 21:25:34.565000+01:00,1.882,-0.567,9.917,2 (FACING camera) both hands SHAKING (sitting position)
2807,U3,2024-09-05 21:25:34.720000+01:00,1.887,-0.572,9.914,2 (FACING camera) both hands SHAKING (sitting position)
2807,U3,2024-09-05 21:25:34.884000+01:00,1.891,-0.575,9.929,2 (FACING camera) both hands SHAKING (sitting position)
2807,U3,2024-09-05 21:25:35.043000+01:00,1.867,-0.551,9.926,2 (FACING camera) both hands SHAKING (sitting position)
2807,U3,2024-09-05 21:25:35.205000+01:00,1.879,-0.57,9.924,2 (FACING camera) both hands SHAKING (sitting position)
2807,U3,2024-09-05 21:25:35.365000+01:00,1.891,-0.558,9.917,2 (FACING camera) both hands SHAKING (sitting position)
2807,U3,2024-09-05 21:25:35.520000+01:00,1.872,-0.565,9.917,2 (FACING camera) both hands SHAKING (sitting position)
2807,U3,2024-09-05 21:25:35.682000+01:00,1.875,-0.555,9.922,2 (FACING camera) both hands SHAKING (sitting position)
2807,U3,2024-09-05 21:25:35.843000+01:00,1.884,-0.558,9.931,2 (FACING camera) both hands SHAKING (sitting position)
2807,U3,2024-09-05 21:25:36.004000+01:00,1.896,-0.563,9.919,2 (FACING camera) both hands SHAKING (sitting position)
2807,U3,2024-09-05 21:25:36.165000+01:00,1.887,-0.575,9.919,2 (FACING camera) both hands SHAKING (sitting position)
2807,U3,2024-09-05 21:25:36.322000+01:00,1.87,-0.539,9.917,2 (FACING camera) both hands SHAKING (sitting position)
2807,U3,2024-09-05 21:25:36.482000+01:00,1.872,-0.563,9.924,2 (FACING camera) both hands SHAKING (sitting position)
2807,U3,2024-09-05 21:25:36.640000+01:00,1.884,-0.572,9.926,2 (FACING camera) both hands SHAKING (sitting position)
2807,U3,2024-09-05 21:25:36.802000+01:00,1.877,-0.567,9.934,2 (FACING camera) both hands SHAKING (sitting position)
2807,U3,2024-09-05 21:25:36.964000+01:00,1.875,-0.57,9.926,2 (FACING camera) both hands SHAKING (sitting position)
2807,U3,2024-09-05 21:25:37.124000+01:00,1.879,-0.543,9.914,2 (FACING camera) both hands SHAKING (sitting position)
2807,U3,2024-09-05 21:25:37.285000+01:00,1.877,-0.548,9.914,2 (FACING camera) both hands SHAKING (sitting position)
2807,U3,2024-09-05 21:25:37.445000+01:00,1.887,-0.577,9.936,2 (FACING camera) both hands SHAKING (sitting position)
2807,U3,2024-09-05 21:25:37.601000+01:00,1.877,-0.579,9.936,2 (FACING camera) both hands SHAKING (sitting position)
2807,U3,2024-09-05 21:25:37.764000+01:00,1.882,-0.558,9.938,2 (FACING camera) both hands SHAKING (sitting position)
2807,U3,2024-09-05 21:25:37.924000+01:00,1.889,-0.555,9.926,2 (FACING camera) both hands SHAKING (sitting position)
2807,U3,2024-09-05 21:25:38.084000+01:00,1.894,-0.565,9.924,2 (FACING camera) both hands SHAKING (sitting position)
2807,U3,2024-09-05 21:25:38.244000+01:00,1.913,-0.567,9.938,2 (FACING camera) both hands SHAKING (sitting position)
2807,U3,2024-09-05 21:25:38.404000+01:00,1.879,-0.57,9.926,2 (FACING camera) both hands SHAKING (sitting position)
2807,U3,2024-09-05 21:25:38.565000+01:00,1.872,-0.56,9.95,2 (FACING camera) both hands SHAKING (sitting position)
2807,U3,2024-09-05 21:25:38.721000+01:00,1.875,-0.565,9.924,2 (FACING camera) both hands SHAKING (sitting position)
2807,U3,2024-09-05 21:25:38.885000+01:00,1.884,-0.558,9.926,2 (FACING camera) both hands SHAKING (sitting position)
2807,U3,2024-09-05 21:25:39.045000+01:00,1.908,-0.57,9.941,2 (FACING camera) both hands SHAKING (sitting position)
2807,U3,2024-09-05 21:25:39.201000+01:00,1.896,-0.558,9.931,2 (FACING camera) both hands SHAKING (sitting position)
2807,U3,2024-09-05 21:25:39.361000+01:00,1.896,-0.565,9.919,2 (FACING camera) both hands SHAKING (sitting position)
2807,U3,2024-09-05 21:25:39.524000+01:00,1.889,-0.567,9.929,2 (FACING camera) both hands SHAKING (sitting position)
2807,U3,2024-09-05 21:25:39.683000+01:00,1.889,-0.567,9.941,2 (FACING camera) both hands SHAKING (sitting position)
2807,U3,2024-09-05 21:25:39.844000+01:00,1.889,-0.563,9.929,2 (FACING camera) both hands SHAKING (sitting position)
2807,U3,2024-09-05 21:25:40.002000+01:00,1.879,-0.563,9.919,2 (FACING camera) both hands SHAKING (sitting position)
2807,U3,2024-09-05 21:25:40.165000+01:00,1.889,-0.563,9.912,2 (FACING camera) both hands SHAKING (sitting position)
2807,U3,2024-09-05 21:25:40.322000+01:00,1.884,-0.57,9.929,2 (FACING camera) both hands SHAKING (sitting position)
2807,U3,2024-09-05 21:25:40.482000+01:00,1.887,-0.565,9.938,2 (FACING camera) both hands SHAKING (sitting position)
2807,U3,2024-09-05 21:25:40.644000+01:00,1.894,-0.563,9.924,2 (FACING camera) both hands SHAKING (sitting position)
2807,U3,2024-09-05 21:25:40.802000+01:00,1.894,-0.555,9.914,2 (FACING camera) both hands SHAKING (sitting position)
2807,U3,2024-09-05 21:25:40.964000+01:00,1.879,-0.57,9.919,2 (FACING camera) both hands SHAKING (sitting position)
2807,U3,2024-09-05 21:25:41.125000+01:00,1.879,-0.548,9.929,2 (FACING camera) both hands SHAKING (sitting position)
2807,U3,2024-09-05 21:25:41.280000+01:00,1.879,-0.563,9.931,2 (FACING camera) both hands SHAKING (sitting position)
2807,U3,2024-09-05 21:25:41.444000+01:00,1.901,-0.558,9.934,2 (FACING camera) both hands SHAKING (sitting position)
2807,U3,2024-09-05 21:25:41.601000+01:00,1.889,-0.572,9.934,2 (FACING camera) both hands SHAKING (sitting position)
2807,U3,2024-09-05 21:25:41.761000+01:00,1.872,-0.575,9.943,2 (FACING camera) both hands SHAKING (sitting position)
2807,U3,2024-09-05 21:25:41.925000+01:00,1.896,-0.553,9.938,2 (FACING camera) both hands SHAKING (sitting position)
2807,U3,2024-09-05 21:25:42.081000+01:00,1.879,-0.563,9.919,2 (FACING camera) both hands SHAKING (sitting position)
2807,U3,2024-09-05 21:25:42.245000+01:00,1.887,-0.563,9.91,2 (FACING camera) both hands SHAKING (sitting position)
2807,U3,2024-09-05 21:25:42.401000+01:00,1.894,-0.57,9.917,2 (FACING camera) both hands SHAKING (sitting position)
2807,U3,2024-09-05 21:25:42.565000+01:00,1.901,-0.539,9.919,2 (FACING camera) both hands SHAKING (sitting position)
2807,U3,2024-09-05 21:25:42.721000+01:00,1.894,-0.546,9.914,2 (FACING camera) both hands SHAKING (sitting position)
2807,U3,2024-09-05 21:25:42.885000+01:00,1.899,-0.553,9.926,2 (FACING camera) both hands SHAKING (sitting position)
2807,U3,2024-09-05 21:25:43.044000+01:00,1.882,-0.548,9.917,2 (FACING camera) both hands SHAKING (sitting position)
2807,U3,2024-09-05 21:25:43.201000+01:00,1.879,-0.548,9.917,2 (FACING camera) both hands SHAKING (sitting position)
2807,U3,2024-09-05 21:25:43.364000+01:00,1.879,-0.56,9.934,2 (FACING camera) both hands SHAKING (sitting position)
2807,U3,2024-09-05 21:25:43.525000+01:00,1.887,-0.567,9.934,2 (FACING camera) both hands SHAKING (sitting position)
2807,U3,2024-09-05 21:25:43.681000+01:00,1.875,-0.567,9.922,2 (FACING camera) both hands SHAKING (sitting position)
2807,U3,2024-09-05 21:25:43.840000+01:00,1.889,-0.563,9.934,2 (FACING camera) both hands SHAKING (sitting position)
2807,U3,2024-09-05 21:25:44.005000+01:00,1.889,-0.563,9.946,2 (FACING camera) both hands SHAKING (sitting position)
2807,U3,2024-09-05 21:25:44.165000+01:00,1.894,-0.565,9.917,2 (FACING camera) both hands SHAKING (sitting position)
2807,U3,2024-09-05 21:25:44.325000+01:00,1.891,-0.565,9.926,2 (FACING camera) both hands SHAKING (sitting position)
2807,U3,2024-09-05 21:25:44.485000+01:00,1.877,-0.555,9.931,2 (FACING camera) both hands SHAKING (sitting position)
2807,U3,2024-09-05 21:25:44.642000+01:00,1.887,-0.558,9.919,2 (FACING camera) both hands SHAKING (sitting position)
2807,U3,2024-09-05 21:25:44.801000+01:00,1.891,-0.56,9.941,2 (FACING camera) both hands SHAKING (sitting position)
2807,U3,2024-09-05 21:25:44.961000+01:00,1.884,-0.565,9.926,2 (FACING camera) both hands SHAKING (sitting position)
2807,U3,2024-09-05 21:25:45.124000+01:00,1.894,-0.555,9.938,2 (FACING camera) both hands SHAKING (sitting position)
2807,U3,2024-09-05 21:25:45.285000+01:00,1.891,-0.553,9.924,2 (FACING camera) both hands SHAKING (sitting position)
2807,U3,2024-09-05 21:25:45.442000+01:00,1.882,-0.563,9.922,2 (FACING camera) both hands SHAKING (sitting position)
2807,U3,2024-09-05 21:25:45.601000+01:00,1.877,-0.572,9.917,2 (FACING camera) both hands SHAKING (sitting position)
2807,U3,2024-09-05 21:25:45.764000+01:00,1.889,-0.563,9.941,2 (FACING camera) both hands SHAKING (sitting position)
2807,U3,2024-09-05 21:25:45.924000+01:00,1.875,-0.558,9.917,2 (FACING camera) both hands SHAKING (sitting position)
2807,U3,2024-09-05 21:25:46.082000+01:00,1.879,-0.57,9.922,2 (FACING camera) both hands SHAKING (sitting position)
2807,U3,2024-09-05 21:25:46.244000+01:00,1.911,-0.558,9.922,2 (FACING camera) both hands SHAKING (sitting position)
2807,U3,2024-09-05 21:25:46.402000+01:00,1.884,-0.563,9.938,2 (FACING camera) both hands SHAKING (sitting position)
2807,U3,2024-09-05 21:25:46.566000+01:00,1.884,-0.575,9.922,2 (FACING camera) both hands SHAKING (sitting position)
2807,U3,2024-09-05 21:25:46.724000+01:00,1.891,-0.551,9.924,2 (FACING camera) both hands SHAKING (sitting position)
2807,U3,2024-09-05 21:25:46.882000+01:00,1.882,-0.565,9.95,2 (FACING camera) both hands SHAKING (sitting position)
2807,U3,2024-09-05 21:25:47.043000+01:00,1.882,-0.567,9.917,2 (FACING camera) both hands SHAKING (sitting position)
2807,U3,2024-09-05 21:25:47.204000+01:00,1.896,-0.548,9.929,2 (FACING camera) both hands SHAKING (sitting position)
2807,U3,2024-09-05 21:25:47.359000+01:00,1.882,-0.575,9.931,2 (FACING camera) both hands SHAKING (sitting position)
2807,U3,2024-09-05 21:25:47.522000+01:00,1.879,-0.555,9.934,2 (FACING camera) both hands SHAKING (sitting position)
2807,U3,2024-09-05 21:25:47.683000+01:00,1.887,-0.553,9.965,2 (FACING camera) both hands SHAKING (sitting position)
2807,U3,2024-09-05 21:25:47.842000+01:00,1.899,-0.57,9.934,2 (FACING camera) both hands SHAKING (sitting position)
2807,U3,2024-09-05 21:25:48.004000+01:00,1.882,-0.565,9.914,2 (FACING camera) both hands SHAKING (sitting position)
2807,U3,2024-09-05 21:25:48.165000+01:00,1.879,-0.563,9.936,2 (FACING camera) both hands SHAKING (sitting position)
2807,U3,2024-09-05 21:25:48.323000+01:00,1.891,-0.551,9.919,2 (FACING camera) both hands SHAKING (sitting position)
2807,U3,2024-09-05 21:25:48.481000+01:00,1.872,-0.563,9.924,2 (FACING camera) both hands SHAKING (sitting position)
2807,U3,2024-09-05 21:25:48.642000+01:00,1.896,-0.563,9.946,2 (FACING camera) both hands SHAKING (sitting position)
2807,U3,2024-09-05 21:25:48.805000+01:00,1.889,-0.565,9.914,2 (FACING camera) both hands SHAKING (sitting position)
2807,U3,2024-09-05 21:25:48.962000+01:00,1.887,-0.57,9.938,2 (FACING camera) both hands SHAKING (sitting position)
2807,U3,2024-09-05 21:25:49.124000+01:00,1.896,-0.548,9.929,2 (FACING camera) both hands SHAKING (sitting position)
2807,U3,2024-09-05 21:25:49.283000+01:00,1.877,-0.565,9.919,2 (FACING camera) both hands SHAKING (sitting position)
2807,U3,2024-09-05 21:25:49.445000+01:00,1.891,-0.56,9.926,2 (FACING camera) both hands SHAKING (sitting position)
2807,U3,2024-09-05 21:25:49.601000+01:00,1.882,-0.563,9.934,2 (FACING camera) both hands SHAKING (sitting position)
2807,U3,2024-09-05 21:25:49.764000+01:00,1.884,-0.567,9.931,2 (FACING camera) both hands SHAKING (sitting position)
2807,U3,2024-09-05 21:25:49.924000+01:00,1.899,-0.548,9.929,2 (FACING camera) both hands SHAKING (sitting position)
2807,U3,2024-09-05 21:25:50.082000+01:00,1.891,-0.577,9.936,2 (FACING camera) both hands SHAKING (sitting position)
2807,U3,2024-09-05 21:25:50.241000+01:00,1.884,-0.56,9.919,2 (FACING camera) both hands SHAKING (sitting position)
2807,U3,2024-09-05 21:25:50.401000+01:00,1.887,-0.565,9.931,2 (FACING camera) both hands SHAKING (sitting position)
2807,U3,2024-09-05 21:25:50.562000+01:00,1.879,-0.577,9.924,2 (FACING camera) both hands SHAKING (sitting position)
2807,U3,2024-09-05 21:25:50.718000+01:00,1.879,-0.563,9.91,2 (FACING camera) both hands SHAKING (sitting position)
2807,U3,2024-09-05 21:25:50.878000+01:00,1.903,-0.543,9.931,2 (FACING camera) both hands SHAKING (sitting position)
2807,U3,2024-09-05 21:25:51.040000+01:00,1.872,-0.565,9.946,2 (FACING camera) both hands SHAKING (sitting position)
2807,U3,2024-09-05 21:25:51.205000+01:00,1.879,-0.577,9.941,2 (FACING camera) both hands SHAKING (sitting position)
2807,U3,2024-09-05 21:25:51.360000+01:00,1.884,-0.582,9.905,2 (FACING camera) both hands SHAKING (sitting position)
2807,U3,2024-09-05 21:25:51.524000+01:00,1.889,-0.539,9.912,2 (FACING camera) both hands SHAKING (sitting position)
2807,U3,2024-09-05 21:25:51.681000+01:00,1.877,-0.551,9.934,2 (FACING camera) both hands SHAKING (sitting position)
2807,U3,2024-09-05 21:25:51.842000+01:00,1.884,-0.558,9.912,2 (FACING camera) both hands SHAKING (sitting position)
2807,U3,2024-09-05 21:25:52.005000+01:00,1.891,-0.565,9.917,2 (FACING camera) both hands SHAKING (sitting position)
2807,U3,2024-09-05 21:25:52.162000+01:00,1.918,-0.563,9.922,2 (FACING camera) both hands SHAKING (sitting position)
2807,U3,2024-09-05 21:25:52.321000+01:00,1.858,-0.594,9.936,2 (FACING camera) both hands SHAKING (sitting position)
2807,U3,2024-09-05 21:25:52.484000+01:00,1.891,-0.572,9.941,2 (FACING camera) both hands SHAKING (sitting position)
2807,U3,2024-09-05 21:25:52.641000+01:00,1.896,-0.56,9.9,2 (FACING camera) both hands SHAKING (sitting position)
2807,U3,2024-09-05 21:25:52.804000+01:00,1.879,-0.575,9.938,2 (FACING camera) both hands SHAKING (sitting position)
2807,U3,2024-09-05 21:25:52.964000+01:00,1.879,-0.567,9.936,2 (FACING camera) both hands SHAKING (sitting position)
2807,U3,2024-09-05 21:25:53.125000+01:00,1.915,-0.558,9.914,2 (FACING camera) both hands SHAKING (sitting position)
2807,U3,2024-09-05 21:25:53.285000+01:00,1.882,-0.563,9.922,2 (FACING camera) both hands SHAKING (sitting position)
2807,U3,2024-09-05 21:25:53.439000+01:00,1.875,-0.565,9.929,2 (FACING camera) both hands SHAKING (sitting position)
2807,U3,2024-09-05 21:25:53.599000+01:00,1.915,-0.553,9.926,2 (FACING camera) both hands SHAKING (sitting position)
2807,U3,2024-09-05 21:25:53.761000+01:00,1.891,-0.56,9.922,2 (FACING camera) both hands SHAKING (sitting position)
2807,U3,2024-09-05 21:25:53.924000+01:00,1.891,-0.57,9.926,2 (FACING camera) both hands SHAKING (sitting position)
2807,U3,2024-09-05 21:25:54.085000+01:00,1.896,-0.539,9.938,2 (FACING camera) both hands SHAKING (sitting position)
2807,U3,2024-09-05 21:25:54.240000+01:00,1.882,-0.582,9.924,2 (FACING camera) both hands SHAKING (sitting position)
2807,U3,2024-09-05 21:25:54.401000+01:00,1.872,-0.56,9.924,2 (FACING camera) both hands SHAKING (sitting position)
2807,U3,2024-09-05 21:25:54.565000+01:00,1.879,-0.555,9.926,2 (FACING camera) both hands SHAKING (sitting position)
2807,U3,2024-09-05 21:25:54.723000+01:00,1.894,-0.56,9.941,2 (FACING camera) both hands SHAKING (sitting position)
2807,U3,2024-09-05 21:25:54.885000+01:00,1.884,-0.587,9.924,2 (FACING camera) both hands SHAKING (sitting position)
2807,U3,2024-09-05 21:25:55.042000+01:00,1.887,-0.551,9.924,2 (FACING camera) both hands SHAKING (sitting position)
2807,U3,2024-09-05 21:25:55.204000+01:00,1.875,-0.553,9.924,2 (FACING camera) both hands SHAKING (sitting position)
2807,U3,2024-09-05 21:25:55.363000+01:00,1.877,-0.567,9.926,2 (FACING camera) both hands SHAKING (sitting position)
2807,U3,2024-09-05 21:25:55.521000+01:00,1.887,-0.56,9.917,2 (FACING camera) both hands SHAKING (sitting position)
2807,U3,2024-09-05 21:25:55.684000+01:00,1.882,-0.563,9.929,2 (FACING camera) both hands SHAKING (sitting position)
2807,U3,2024-09-05 21:25:55.841000+01:00,1.882,-0.555,9.914,2 (FACING camera) both hands SHAKING (sitting position)
2807,U3,2024-09-05 21:25:56.004000+01:00,1.889,-0.567,9.905,2 (FACING camera) both hands SHAKING (sitting position)
2807,U3,2024-09-05 21:25:56.160000+01:00,1.894,-0.558,9.912,2 (FACING camera) both hands SHAKING (sitting position)
2807,U3,2024-09-05 21:25:56.321000+01:00,1.884,-0.563,9.917,2 (FACING camera) both hands SHAKING (sitting position)
2807,U3,2024-09-05 21:25:56.485000+01:00,1.887,-0.558,9.914,2 (FACING camera) both hands SHAKING (sitting position)
2807,U3,2024-09-05 21:25:56.641000+01:00,1.882,-0.56,9.929,2 (FACING camera) both hands SHAKING (sitting position)
2807,U3,2024-09-05 21:25:56.802000+01:00,1.894,-0.565,9.914,2 (FACING camera) both hands SHAKING (sitting position)
2807,U3,2024-09-05 21:25:56.962000+01:00,1.872,-0.543,9.917,2 (FACING camera) both hands SHAKING (sitting position)
2807,U3,2024-09-05 21:25:57.123000+01:00,1.877,-0.534,9.931,2 (FACING camera) both hands SHAKING (sitting position)
2807,U3,2024-09-05 21:25:57.282000+01:00,1.899,-0.553,9.922,2 (FACING camera) both hands SHAKING (sitting position)
2807,U3,2024-09-05 21:25:57.442000+01:00,1.877,-0.551,9.9,2 (FACING camera) both hands SHAKING (sitting position)
2807,U3,2024-09-05 21:25:57.601000+01:00,1.891,-0.553,9.924,2 (FACING camera) both hands SHAKING (sitting position)
2807,U3,2024-09-05 21:25:57.762000+01:00,1.887,-0.56,9.917,2 (FACING camera) both hands SHAKING (sitting position)
2807,U3,2024-09-05 21:25:57.925000+01:00,1.867,-0.563,9.919,2 (FACING camera) both hands SHAKING (sitting position)
2807,U3,2024-09-05 21:25:58.085000+01:00,1.894,-0.572,9.912,2 (FACING camera) both hands SHAKING (sitting position)
2807,U3,2024-09-05 21:25:58.241000+01:00,1.896,-0.567,9.922,2 (FACING camera) both hands SHAKING (sitting position)
2807,U3,2024-09-05 21:25:58.404000+01:00,1.882,-0.572,9.914,2 (FACING camera) both hands SHAKING (sitting position)
2807,U3,2024-09-05 21:25:58.565000+01:00,1.882,-0.555,9.922,2 (FACING camera) both hands SHAKING (sitting position)
2807,U3,2024-09-05 21:25:58.722000+01:00,1.896,-0.539,9.919,2 (FACING camera) both hands SHAKING (sitting position)
2807,U3,2024-09-05 21:25:58.884000+01:00,1.872,-0.553,9.926,2 (FACING camera) both hands SHAKING (sitting position)
2807,U3,2024-09-05 21:25:59.045000+01:00,1.899,-0.551,9.936,2 (FACING camera) both hands SHAKING (sitting position)
2807,U3,2024-09-05 21:25:59.202000+01:00,1.879,-0.551,9.919,2 (FACING camera) both hands SHAKING (sitting position)
2807,U3,2024-09-05 21:25:59.361000+01:00,1.884,-0.553,9.926,2 (FACING camera) both hands SHAKING (sitting position)
2807,U3,2024-09-05 21:25:59.524000+01:00,1.887,-0.563,9.926,2 (FACING camera) both hands SHAKING (sitting position)
2807,U3,2024-09-05 21:25:59.683000+01:00,1.889,-0.579,9.936,2 (FACING camera) both hands SHAKING (sitting position)
2807,U3,2024-09-05 21:25:59.841000+01:00,1.884,-0.567,9.922,2 (FACING camera) both hands SHAKING (sitting position)
2807,U3,2024-09-05 21:26:00.001000+01:00,1.901,-0.565,9.919,5 (Sideway) both hands SHAKING (sitting)
2807,U3,2024-09-05 21:26:00.162000+01:00,1.889,-0.543,9.922,5 (Sideway) both hands SHAKING (sitting)
2807,U3,2024-09-05 21:26:00.321000+01:00,1.879,-0.546,9.919,5 (Sideway) both hands SHAKING (sitting)
2807,U3,2024-09-05 21:26:00.485000+01:00,1.889,-0.567,9.936,5 (Sideway) both hands SHAKING (sitting)
2807,U3,2024-09-05 21:26:00.642000+01:00,1.903,-0.553,9.912,5 (Sideway) both hands SHAKING (sitting)
2807,U3,2024-09-05 21:26:00.801000+01:00,1.894,-0.558,9.917,5 (Sideway) both hands SHAKING (sitting)
2807,U3,2024-09-05 21:26:00.965000+01:00,1.901,-0.551,9.922,5 (Sideway) both hands SHAKING (sitting)
2807,U3,2024-09-05 21:26:01.124000+01:00,1.899,-0.57,9.924,5 (Sideway) both hands SHAKING (sitting)
2807,U3,2024-09-05 21:26:01.282000+01:00,1.872,-0.57,9.931,5 (Sideway) both hands SHAKING (sitting)
2807,U3,2024-09-05 21:26:01.440000+01:00,1.896,-0.587,9.922,5 (Sideway) both hands SHAKING (sitting)
2807,U3,2024-09-05 21:26:01.600000+01:00,1.887,-0.565,9.931,5 (Sideway) both hands SHAKING (sitting)
2807,U3,2024-09-05 21:26:01.762000+01:00,1.891,-0.563,9.936,5 (Sideway) both hands SHAKING (sitting)
2807,U3,2024-09-05 21:26:01.921000+01:00,1.894,-0.567,9.941,5 (Sideway) both hands SHAKING (sitting)
2807,U3,2024-09-05 21:26:02.085000+01:00,1.894,-0.567,9.919,5 (Sideway) both hands SHAKING (sitting)
2807,U3,2024-09-05 21:26:02.246000+01:00,1.877,-0.548,9.91,5 (Sideway) both hands SHAKING (sitting)
2807,U3,2024-09-05 21:26:02.404000+01:00,1.872,-0.563,9.929,5 (Sideway) both hands SHAKING (sitting)
2807,U3,2024-09-05 21:26:02.561000+01:00,1.879,-0.541,9.926,5 (Sideway) both hands SHAKING (sitting)
2807,U3,2024-09-05 21:26:02.725000+01:00,1.903,-0.546,9.929,5 (Sideway) both hands SHAKING (sitting)
2807,U3,2024-09-05 21:26:02.884000+01:00,1.896,-0.546,9.912,5 (Sideway) both hands SHAKING (sitting)
2807,U3,2024-09-05 21:26:03.042000+01:00,1.884,-0.565,9.912,5 (Sideway) both hands SHAKING (sitting)
2807,U3,2024-09-05 21:26:03.202000+01:00,1.887,-0.56,9.902,5 (Sideway) both hands SHAKING (sitting)
2807,U3,2024-09-05 21:26:03.362000+01:00,1.884,-0.567,9.917,5 (Sideway) both hands SHAKING (sitting)
2807,U3,2024-09-05 21:26:03.524000+01:00,1.889,-0.57,9.955,5 (Sideway) both hands SHAKING (sitting)
2807,U3,2024-09-05 21:26:03.682000+01:00,1.889,-0.558,9.924,5 (Sideway) both hands SHAKING (sitting)
2807,U3,2024-09-05 21:26:03.844000+01:00,1.889,-0.548,9.924,5 (Sideway) both hands SHAKING (sitting)
2807,U3,2024-09-05 21:26:04.001000+01:00,1.875,-0.548,9.926,5 (Sideway) both hands SHAKING (sitting)
2807,U3,2024-09-05 21:26:04.162000+01:00,1.879,-0.56,9.914,5 (Sideway) both hands SHAKING (sitting)
2807,U3,2024-09-05 21:26:04.323000+01:00,1.891,-0.558,9.926,5 (Sideway) both hands SHAKING (sitting)
2807,U3,2024-09-05 21:26:04.484000+01:00,1.887,-0.56,9.919,5 (Sideway) both hands SHAKING (sitting)
2807,U3,2024-09-05 21:26:04.642000+01:00,1.882,-0.558,9.934,5 (Sideway) both hands SHAKING (sitting)
2807,U3,2024-09-05 21:26:04.801000+01:00,1.899,-0.567,9.943,5 (Sideway) both hands SHAKING (sitting)
2807,U3,2024-09-05 21:26:04.962000+01:00,1.884,-0.577,9.938,5 (Sideway) both hands SHAKING (sitting)
2807,U3,2024-09-05 21:26:05.125000+01:00,1.884,-0.575,9.941,5 (Sideway) both hands SHAKING (sitting)
2807,U3,2024-09-05 21:26:05.282000+01:00,1.899,-0.572,9.926,5 (Sideway) both hands SHAKING (sitting)
2807,U3,2024-09-05 21:26:05.445000+01:00,1.887,-0.57,9.907,5 (Sideway) both hands SHAKING (sitting)
2807,U3,2024-09-05 21:26:05.600000+01:00,1.887,-0.543,9.938,5 (Sideway) both hands SHAKING (sitting)
2807,U3,2024-09-05 21:26:05.761000+01:00,1.879,-0.567,9.907,5 (Sideway) both hands SHAKING (sitting)
2807,U3,2024-09-05 21:26:05.925000+01:00,1.891,-0.558,9.919,5 (Sideway) both hands SHAKING (sitting)
2807,U3,2024-09-05 21:26:06.085000+01:00,1.884,-0.565,9.929,5 (Sideway) both hands SHAKING (sitting)
2807,U3,2024-09-05 21:26:06.244000+01:00,1.887,-0.567,9.926,5 (Sideway) both hands SHAKING (sitting)
2807,U3,2024-09-05 21:26:06.401000+01:00,1.879,-0.572,9.936,5 (Sideway) both hands SHAKING (sitting)
2807,U3,2024-09-05 21:26:06.564000+01:00,1.894,-0.563,9.931,5 (Sideway) both hands SHAKING (sitting)
2807,U3,2024-09-05 21:26:06.724000+01:00,1.875,-0.558,9.919,5 (Sideway) both hands SHAKING (sitting)
2807,U3,2024-09-05 21:26:06.885000+01:00,1.87,-0.572,9.919,5 (Sideway) both hands SHAKING (sitting)
2807,U3,2024-09-05 21:26:07.041000+01:00,1.891,-0.56,9.924,5 (Sideway) both hands SHAKING (sitting)
2807,U3,2024-09-05 21:26:07.205000+01:00,1.887,-0.541,9.934,5 (Sideway) both hands SHAKING (sitting)
2807,U3,2024-09-05 21:26:07.363000+01:00,1.889,-0.541,9.929,5 (Sideway) both hands SHAKING (sitting)
2807,U3,2024-09-05 21:26:07.524000+01:00,1.896,-0.553,9.941,5 (Sideway) both hands SHAKING (sitting)
2807,U3,2024-09-05 21:26:07.685000+01:00,1.877,-0.563,9.955,5 (Sideway) both hands SHAKING (sitting)
2807,U3,2024-09-05 21:26:07.840000+01:00,1.889,-0.567,9.926,5 (Sideway) both hands SHAKING (sitting)
2807,U3,2024-09-05 21:26:08.004000+01:00,1.877,-0.558,9.929,5 (Sideway) both hands SHAKING (sitting)
2807,U3,2024-09-05 21:26:08.165000+01:00,1.896,-0.565,9.924,5 (Sideway) both hands SHAKING (sitting)
2807,U3,2024-09-05 21:26:08.324000+01:00,1.877,-0.563,9.943,5 (Sideway) both hands SHAKING (sitting)
2807,U3,2024-09-05 21:26:08.484000+01:00,1.884,-0.577,9.931,5 (Sideway) both hands SHAKING (sitting)
2807,U3,2024-09-05 21:26:08.641000+01:00,1.884,-0.565,9.938,5 (Sideway) both hands SHAKING (sitting)
2807,U3,2024-09-05 21:26:08.801000+01:00,1.891,-0.575,9.922,5 (Sideway) both hands SHAKING (sitting)
2807,U3,2024-09-05 21:26:08.960000+01:00,1.875,-0.575,9.922,5 (Sideway) both hands SHAKING (sitting)
2807,U3,2024-09-05 21:26:09.122000+01:00,1.887,-0.582,9.926,5 (Sideway) both hands SHAKING (sitting)
2807,U3,2024-09-05 21:26:09.284000+01:00,1.901,-0.572,9.931,5 (Sideway) both hands SHAKING (sitting)
2807,U3,2024-09-05 21:26:09.442000+01:00,1.896,-0.56,9.924,5 (Sideway) both hands SHAKING (sitting)
2807,U3,2024-09-05 21:26:09.601000+01:00,1.891,-0.56,9.917,5 (Sideway) both hands SHAKING (sitting)
2807,U3,2024-09-05 21:26:09.764000+01:00,1.891,-0.572,9.931,5 (Sideway) both hands SHAKING (sitting)
2807,U3,2024-09-05 21:26:09.924000+01:00,1.875,-0.555,9.934,5 (Sideway) both hands SHAKING (sitting)
2807,U3,2024-09-05 21:26:10.082000+01:00,1.882,-0.567,9.934,5 (Sideway) both hands SHAKING (sitting)
2807,U3,2024-09-05 21:26:10.244000+01:00,1.884,-0.567,9.931,5 (Sideway) both hands SHAKING (sitting)
2807,U3,2024-09-05 21:26:10.402000+01:00,1.867,-0.57,9.936,5 (Sideway) both hands SHAKING (sitting)
2807,U3,2024-09-05 21:26:10.562000+01:00,1.901,-0.565,9.919,5 (Sideway) both hands SHAKING (sitting)
2807,U3,2024-09-05 21:26:10.725000+01:00,1.894,-0.563,9.929,5 (Sideway) both hands SHAKING (sitting)
2807,U3,2024-09-05 21:26:10.880000+01:00,1.872,-0.555,9.912,5 (Sideway) both hands SHAKING (sitting)
2807,U3,2024-09-05 21:26:11.044000+01:00,1.884,-0.56,9.931,5 (Sideway) both hands SHAKING (sitting)
2807,U3,2024-09-05 21:26:11.205000+01:00,1.889,-0.565,9.931,5 (Sideway) both hands SHAKING (sitting)
2807,U3,2024-09-05 21:26:11.365000+01:00,1.875,-0.539,9.929,5 (Sideway) both hands SHAKING (sitting)
2807,U3,2024-09-05 21:26:11.522000+01:00,1.877,-0.555,9.941,5 (Sideway) both hands SHAKING (sitting)
2807,U3,2024-09-05 21:26:11.685000+01:00,1.894,-0.555,9.924,5 (Sideway) both hands SHAKING (sitting)
2807,U3,2024-09-05 21:26:11.843000+01:00,1.882,-0.563,9.914,5 (Sideway) both hands SHAKING (sitting)
2807,U3,2024-09-05 21:26:12+01:00,1.887,-0.579,9.924,5 (Sideway) both hands SHAKING (sitting)
2807,U3,2024-09-05 21:26:12.164000+01:00,1.899,-0.558,9.95,5 (Sideway) both hands SHAKING (sitting)
2807,U3,2024-09-05 21:26:12.321000+01:00,1.887,-0.558,9.929,5 (Sideway) both hands SHAKING (sitting)
2807,U3,2024-09-05 21:26:12.485000+01:00,1.891,-0.558,9.934,5 (Sideway) both hands SHAKING (sitting)
2807,U3,2024-09-05 21:26:12.644000+01:00,1.87,-0.551,9.936,5 (Sideway) both hands SHAKING (sitting)
2807,U3,2024-09-05 21:26:12.804000+01:00,1.887,-0.56,9.926,5 (Sideway) both hands SHAKING (sitting)
2807,U3,2024-09-05 21:26:12.965000+01:00,1.875,-0.57,9.922,5 (Sideway) both hands SHAKING (sitting)
2807,U3,2024-09-05 21:26:13.121000+01:00,1.877,-0.56,9.936,5 (Sideway) both hands SHAKING (sitting)
2807,U3,2024-09-05 21:26:13.284000+01:00,1.879,-0.572,9.924,5 (Sideway) both hands SHAKING (sitting)
2807,U3,2024-09-05 21:26:13.445000+01:00,1.884,-0.572,9.922,5 (Sideway) both hands SHAKING (sitting)
2807,U3,2024-09-05 21:26:13.601000+01:00,1.877,-0.555,9.929,5 (Sideway) both hands SHAKING (sitting)
2807,U3,2024-09-05 21:26:13.765000+01:00,1.879,-0.57,9.91,5 (Sideway) both hands SHAKING (sitting)
2807,U3,2024-09-05 21:26:13.922000+01:00,1.896,-0.56,9.914,5 (Sideway) both hands SHAKING (sitting)
2807,U3,2024-09-05 21:26:14.081000+01:00,1.894,-0.558,9.931,5 (Sideway) both hands SHAKING (sitting)
2807,U3,2024-09-05 21:26:14.244000+01:00,1.901,-0.546,9.934,5 (Sideway) both hands SHAKING (sitting)
2807,U3,2024-09-05 21:26:14.404000+01:00,1.879,-0.555,9.929,5 (Sideway) both hands SHAKING (sitting)
2807,U3,2024-09-05 21:26:14.562000+01:00,1.877,-0.57,9.943,5 (Sideway) both hands SHAKING (sitting)
2807,U3,2024-09-05 21:26:14.721000+01:00,1.891,-0.558,9.941,5 (Sideway) both hands SHAKING (sitting)
2807,U3,2024-09-05 21:26:14.880000+01:00,1.879,-0.567,9.948,5 (Sideway) both hands SHAKING (sitting)
2807,U3,2024-09-05 21:26:15.041000+01:00,1.894,-0.558,9.934,5 (Sideway) both hands SHAKING (sitting)
2807,U3,2024-09-05 21:26:15.204000+01:00,1.901,-0.563,9.929,5 (Sideway) both hands SHAKING (sitting)
2807,U3,2024-09-05 21:26:15.362000+01:00,1.884,-0.558,9.941,5 (Sideway) both hands SHAKING (sitting)
2807,U3,2024-09-05 21:26:15.525000+01:00,1.877,-0.575,9.926,5 (Sideway) both hands SHAKING (sitting)
2807,U3,2024-09-05 21:26:15.684000+01:00,1.891,-0.565,9.929,5 (Sideway) both hands SHAKING (sitting)
2807,U3,2024-09-05 21:26:15.841000+01:00,1.896,-0.57,9.931,5 (Sideway) both hands SHAKING (sitting)
2807,U3,2024-09-05 21:26:16.005000+01:00,1.87,-0.551,9.907,5 (Sideway) both hands SHAKING (sitting)
2807,U3,2024-09-05 21:26:16.160000+01:00,1.891,-0.563,9.922,5 (Sideway) both hands SHAKING (sitting)
2807,U3,2024-09-05 21:26:16.324000+01:00,1.889,-0.567,9.919,5 (Sideway) both hands SHAKING (sitting)
2807,U3,2024-09-05 21:26:16.484000+01:00,1.882,-0.572,9.926,5 (Sideway) both hands SHAKING (sitting)
2807,U3,2024-09-05 21:26:16.643000+01:00,1.882,-0.57,9.934,5 (Sideway) both hands SHAKING (sitting)
2807,U3,2024-09-05 21:26:16.803000+01:00,1.877,-0.563,9.931,5 (Sideway) both hands SHAKING (sitting)
2807,U3,2024-09-05 21:26:16.965000+01:00,1.882,-0.558,9.941,5 (Sideway) both hands SHAKING (sitting)
2807,U3,2024-09-05 21:26:17.121000+01:00,1.882,-0.553,9.914,5 (Sideway) both hands SHAKING (sitting)
2807,U3,2024-09-05 21:26:17.285000+01:00,1.875,-0.579,9.931,5 (Sideway) both hands SHAKING (sitting)
2807,U3,2024-09-05 21:26:17.442000+01:00,1.887,-0.565,9.936,5 (Sideway) both hands SHAKING (sitting)
2807,U3,2024-09-05 21:26:17.601000+01:00,1.901,-0.577,9.926,5 (Sideway) both hands SHAKING (sitting)
2807,U3,2024-09-05 21:26:17.765000+01:00,1.903,-0.56,9.922,5 (Sideway) both hands SHAKING (sitting)
2807,U3,2024-09-05 21:26:17.923000+01:00,1.884,-0.567,9.931,5 (Sideway) both hands SHAKING (sitting)
2807,U3,2024-09-05 21:26:18.081000+01:00,1.896,-0.558,9.929,5 (Sideway) both hands SHAKING (sitting)
2807,U3,2024-09-05 21:26:18.242000+01:00,1.879,-0.551,9.914,5 (Sideway) both hands SHAKING (sitting)
2807,U3,2024-09-05 21:26:18.402000+01:00,1.891,-0.555,9.924,5 (Sideway) both hands SHAKING (sitting)
2807,U3,2024-09-05 21:26:18.563000+01:00,1.884,-0.567,9.926,5 (Sideway) both hands SHAKING (sitting)
2807,U3,2024-09-05 21:26:18.721000+01:00,1.889,-0.57,9.926,5 (Sideway) both hands SHAKING (sitting)
2807,U3,2024-09-05 21:26:18.885000+01:00,1.882,-0.563,9.919,5 (Sideway) both hands SHAKING (sitting)
2807,U3,2024-09-05 21:26:19.044000+01:00,1.887,-0.56,9.924,5 (Sideway) both hands SHAKING (sitting)
2807,U3,2024-09-05 21:26:19.202000+01:00,1.882,-0.57,9.934,5 (Sideway) both hands SHAKING (sitting)
2807,U3,2024-09-05 21:26:19.361000+01:00,1.889,-0.565,9.924,5 (Sideway) both hands SHAKING (sitting)
2807,U3,2024-09-05 21:26:19.522000+01:00,1.891,-0.558,9.922,5 (Sideway) both hands SHAKING (sitting)
2807,U3,2024-09-05 21:26:19.684000+01:00,1.891,-0.553,9.917,5 (Sideway) both hands SHAKING (sitting)
2807,U3,2024-09-05 21:26:19.841000+01:00,1.867,-0.57,9.917,5 (Sideway) both hands SHAKING (sitting)
2807,U3,2024-09-05 21:26:20.002000+01:00,1.889,-0.551,9.926,5 (Sideway) both hands SHAKING (sitting)
2807,U3,2024-09-05 21:26:20.161000+01:00,1.882,-0.57,9.931,5 (Sideway) both hands SHAKING (sitting)
2807,U3,2024-09-05 21:26:20.324000+01:00,1.875,-0.575,9.912,5 (Sideway) both hands SHAKING (sitting)
2807,U3,2024-09-05 21:26:20.481000+01:00,1.889,-0.558,9.922,5 (Sideway) both hands SHAKING (sitting)
2807,U3,2024-09-05 21:26:20.642000+01:00,1.887,-0.553,9.931,5 (Sideway) both hands SHAKING (sitting)
2807,U3,2024-09-05 21:26:20.802000+01:00,1.884,-0.579,9.941,5 (Sideway) both hands SHAKING (sitting)
2807,U3,2024-09-05 21:26:20.963000+01:00,1.884,-0.572,9.924,5 (Sideway) both hands SHAKING (sitting)
2807,U3,2024-09-05 21:26:21.121000+01:00,1.887,-0.57,9.924,5 (Sideway) both hands SHAKING (sitting)
2807,U3,2024-09-05 21:26:21.282000+01:00,1.899,-0.57,9.924,5 (Sideway) both hands SHAKING (sitting)
2807,U3,2024-09-05 21:26:21.445000+01:00,1.887,-0.57,9.926,5 (Sideway) both hands SHAKING (sitting)
2807,U3,2024-09-05 21:26:21.601000+01:00,1.903,-0.57,9.917,5 (Sideway) both hands SHAKING (sitting)
2807,U3,2024-09-05 21:26:21.765000+01:00,1.882,-0.57,9.934,5 (Sideway) both hands SHAKING (sitting)
2807,U3,2024-09-05 21:26:21.923000+01:00,1.889,-0.563,9.931,5 (Sideway) both hands SHAKING (sitting)
2807,U3,2024-09-05 21:26:22.082000+01:00,1.887,-0.563,9.929,5 (Sideway) both hands SHAKING (sitting)
2807,U3,2024-09-05 21:26:22.244000+01:00,1.901,-0.551,9.931,5 (Sideway) both hands SHAKING (sitting)
2807,U3,2024-09-05 21:26:22.404000+01:00,1.891,-0.575,9.948,5 (Sideway) both hands SHAKING (sitting)
2807,U3,2024-09-05 21:26:22.562000+01:00,1.896,-0.575,9.934,5 (Sideway) both hands SHAKING (sitting)
2807,U3,2024-09-05 21:26:22.719000+01:00,1.901,-0.548,9.926,5 (Sideway) both hands SHAKING (sitting)
2807,U3,2024-09-05 21:26:22.882000+01:00,1.875,-0.551,9.936,5 (Sideway) both hands SHAKING (sitting)
2807,U3,2024-09-05 21:26:23.040000+01:00,1.879,-0.539,9.922,5 (Sideway) both hands SHAKING (sitting)
2807,U3,2024-09-05 21:26:23.204000+01:00,1.882,-0.555,9.938,5 (Sideway) both hands SHAKING (sitting)
2807,U3,2024-09-05 21:26:23.361000+01:00,1.877,-0.555,9.938,5 (Sideway) both hands SHAKING (sitting)
2807,U3,2024-09-05 21:26:23.525000+01:00,1.875,-0.551,9.919,5 (Sideway) both hands SHAKING (sitting)
2807,U3,2024-09-05 21:26:23.682000+01:00,1.896,-0.553,9.934,5 (Sideway) both hands SHAKING (sitting)
2807,U3,2024-09-05 21:26:23.845000+01:00,1.891,-0.563,9.946,5 (Sideway) both hands SHAKING (sitting)
2807,U3,2024-09-05 21:26:24.004000+01:00,1.867,-0.546,9.936,5 (Sideway) both hands SHAKING (sitting)
2807,U3,2024-09-05 21:26:24.160000+01:00,1.887,-0.558,9.914,5 (Sideway) both hands SHAKING (sitting)
2807,U3,2024-09-05 21:26:24.322000+01:00,1.86,-0.57,9.936,5 (Sideway) both hands SHAKING (sitting)
2807,U3,2024-09-05 21:26:24.481000+01:00,1.882,-0.553,9.931,5 (Sideway) both hands SHAKING (sitting)
2807,U3,2024-09-05 21:26:24.644000+01:00,1.908,-0.558,9.922,5 (Sideway) both hands SHAKING (sitting)
2807,U3,2024-09-05 21:26:24.805000+01:00,1.877,-0.575,9.931,5 (Sideway) both hands SHAKING (sitting)
2807,U3,2024-09-05 21:26:24.965000+01:00,1.894,-0.56,9.926,5 (Sideway) both hands SHAKING (sitting)
2807,U3,2024-09-05 21:26:25.122000+01:00,1.884,-0.56,9.924,5 (Sideway) both hands SHAKING (sitting)
2807,U3,2024-09-05 21:26:25.282000+01:00,1.891,-0.555,9.919,5 (Sideway) both hands SHAKING (sitting)
2807,U3,2024-09-05 21:26:25.444000+01:00,1.879,-0.565,9.948,5 (Sideway) both hands SHAKING (sitting)
2807,U3,2024-09-05 21:26:25.601000+01:00,1.896,-0.558,9.934,5 (Sideway) both hands SHAKING (sitting)
2807,U3,2024-09-05 21:26:25.765000+01:00,1.879,-0.548,9.938,5 (Sideway) both hands SHAKING (sitting)
2807,U3,2024-09-05 21:26:25.921000+01:00,1.887,-0.57,9.931,5 (Sideway) both hands SHAKING (sitting)
2807,U3,2024-09-05 21:26:26.085000+01:00,1.911,-0.589,9.924,5 (Sideway) both hands SHAKING (sitting)
2807,U3,2024-09-05 21:26:26.245000+01:00,1.906,-0.57,9.924,5 (Sideway) both hands SHAKING (sitting)
2807,U3,2024-09-05 21:26:26.405000+01:00,1.875,-0.584,9.936,5 (Sideway) both hands SHAKING (sitting)
2807,U3,2024-09-05 21:26:26.562000+01:00,1.906,-0.572,9.929,5 (Sideway) both hands SHAKING (sitting)
2807,U3,2024-09-05 21:26:26.725000+01:00,1.894,-0.603,9.943,5 (Sideway) both hands SHAKING (sitting)
2807,U3,2024-09-05 21:26:26.884000+01:00,1.899,-0.596,9.929,5 (Sideway) both hands SHAKING (sitting)
2807,U3,2024-09-05 21:26:27.044000+01:00,1.915,-0.587,9.914,5 (Sideway) both hands SHAKING (sitting)
2807,U3,2024-09-05 21:26:27.203000+01:00,1.872,-0.582,9.936,5 (Sideway) both hands SHAKING (sitting)
2807,U3,2024-09-05 21:26:27.362000+01:00,1.894,-0.577,9.922,5 (Sideway) both hands SHAKING (sitting)
2807,U3,2024-09-05 21:26:27.522000+01:00,1.903,-0.575,9.934,5 (Sideway) both hands SHAKING (sitting)
2807,U3,2024-09-05 21:26:27.685000+01:00,1.884,-0.567,9.929,5 (Sideway) both hands SHAKING (sitting)
2807,U3,2024-09-05 21:26:27.842000+01:00,1.879,-0.565,9.938,5 (Sideway) both hands SHAKING (sitting)
2807,U3,2024-09-05 21:26:28.004000+01:00,1.867,-0.555,9.912,5 (Sideway) both hands SHAKING (sitting)
2807,U3,2024-09-05 21:26:28.162000+01:00,1.867,-0.565,9.924,5 (Sideway) both hands SHAKING (sitting)
2807,U3,2024-09-05 21:26:28.321000+01:00,1.899,-0.555,9.919,5 (Sideway) both hands SHAKING (sitting)
2807,U3,2024-09-05 21:26:28.481000+01:00,1.887,-0.558,9.946,5 (Sideway) both hands SHAKING (sitting)
2807,U3,2024-09-05 21:26:28.644000+01:00,1.872,-0.56,9.926,5 (Sideway) both hands SHAKING (sitting)
2807,U3,2024-09-05 21:26:28.804000+01:00,1.872,-0.548,9.929,5 (Sideway) both hands SHAKING (sitting)
2807,U3,2024-09-05 21:26:28.962000+01:00,1.889,-0.577,9.931,5 (Sideway) both hands SHAKING (sitting)
2807,U3,2024-09-05 21:26:29.125000+01:00,1.877,-0.567,9.926,5 (Sideway) both hands SHAKING (sitting)
2807,U3,2024-09-05 21:26:29.282000+01:00,1.899,-0.558,9.946,5 (Sideway) both hands SHAKING (sitting)
2807,U3,2024-09-05 21:26:29.444000+01:00,1.889,-0.567,9.922,5 (Sideway) both hands SHAKING (sitting)
2807,U3,2024-09-05 21:26:29.601000+01:00,1.889,-0.577,9.931,5 (Sideway) both hands SHAKING (sitting)
2807,U3,2024-09-05 21:26:29.764000+01:00,1.891,-0.565,9.922,5 (Sideway) both hands SHAKING (sitting)
2807,U3,2024-09-05 21:26:29.921000+01:00,1.882,-0.551,9.931,5 (Sideway) both hands SHAKING (sitting)
2807,U3,2024-09-05 21:26:30.082000+01:00,1.863,-0.558,9.938,5 (Sideway) both hands SHAKING (sitting)
2807,U3,2024-09-05 21:26:30.243000+01:00,1.879,-0.582,9.922,5 (Sideway) both hands SHAKING (sitting)
2807,U3,2024-09-05 21:26:30.401000+01:00,1.894,-0.546,9.934,5 (Sideway) both hands SHAKING (sitting)
2807,U3,2024-09-05 21:26:30.561000+01:00,1.882,-0.558,9.943,5 (Sideway) both hands SHAKING (sitting)
2807,U3,2024-09-05 21:26:30.725000+01:00,1.903,-0.551,9.926,5 (Sideway) both hands SHAKING (sitting)
2807,U3,2024-09-05 21:26:30.885000+01:00,1.884,-0.589,9.926,5 (Sideway) both hands SHAKING (sitting)
2807,U3,2024-09-05 21:26:31.044000+01:00,1.896,-0.575,9.91,5 (Sideway) both hands SHAKING (sitting)
2807,U3,2024-09-05 21:26:31.205000+01:00,1.899,-0.589,9.914,5 (Sideway) both hands SHAKING (sitting)
2807,U3,2024-09-05 21:26:31.362000+01:00,1.863,-0.584,9.919,5 (Sideway) both hands SHAKING (sitting)
2807,U3,2024-09-05 21:26:31.522000+01:00,1.894,-0.606,9.929,5 (Sideway) both hands SHAKING (sitting)
2807,U3,2024-09-05 21:26:31.683000+01:00,1.899,-0.606,9.926,5 (Sideway) both hands SHAKING (sitting)
2807,U3,2024-09-05 21:26:31.841000+01:00,1.911,-0.591,9.91,5 (Sideway) both hands SHAKING (sitting)
2807,U3,2024-09-05 21:26:32.005000+01:00,1.884,-0.584,9.922,5 (Sideway) both hands SHAKING (sitting)
2807,U3,2024-09-05 21:26:32.161000+01:00,1.903,-0.57,9.905,5 (Sideway) both hands SHAKING (sitting)
2807,U3,2024-09-05 21:26:32.324000+01:00,1.899,-0.579,9.931,5 (Sideway) both hands SHAKING (sitting)
2807,U3,2024-09-05 21:26:32.485000+01:00,1.877,-0.539,9.929,5 (Sideway) both hands SHAKING (sitting)
2807,U3,2024-09-05 21:26:32.642000+01:00,1.882,-0.551,9.941,5 (Sideway) both hands SHAKING (sitting)
2807,U3,2024-09-05 21:26:32.804000+01:00,1.887,-0.551,9.914,5 (Sideway) both hands SHAKING (sitting)
2807,U3,2024-09-05 21:26:32.964000+01:00,1.884,-0.558,9.931,5 (Sideway) both hands SHAKING (sitting)
2807,U3,2024-09-05 21:26:33.122000+01:00,1.899,-0.546,9.922,5 (Sideway) both hands SHAKING (sitting)
2807,U3,2024-09-05 21:26:33.281000+01:00,1.896,-0.548,9.936,5 (Sideway) both hands SHAKING (sitting)
2807,U3,2024-09-05 21:26:33.445000+01:00,1.875,-0.56,9.929,5 (Sideway) both hands SHAKING (sitting)
2807,U3,2024-09-05 21:26:33.601000+01:00,1.879,-0.543,9.914,5 (Sideway) both hands SHAKING (sitting)
2807,U3,2024-09-05 21:26:33.762000+01:00,1.894,-0.548,9.934,5 (Sideway) both hands SHAKING (sitting)
2807,U3,2024-09-05 21:26:33.923000+01:00,1.879,-0.56,9.934,5 (Sideway) both hands SHAKING (sitting)
2807,U3,2024-09-05 21:26:34.081000+01:00,1.884,-0.551,9.914,5 (Sideway) both hands SHAKING (sitting)
2807,U3,2024-09-05 21:26:34.245000+01:00,1.879,-0.539,9.936,5 (Sideway) both hands SHAKING (sitting)
2807,U3,2024-09-05 21:26:34.400000+01:00,1.867,-0.539,9.924,5 (Sideway) both hands SHAKING (sitting)
2807,U3,2024-09-05 21:26:34.565000+01:00,1.889,-0.558,9.924,5 (Sideway) both hands SHAKING (sitting)
2807,U3,2024-09-05 21:26:34.723000+01:00,1.887,-0.541,9.926,5 (Sideway) both hands SHAKING (sitting)
2807,U3,2024-09-05 21:26:34.885000+01:00,1.877,-0.56,9.938,5 (Sideway) both hands SHAKING (sitting)
2807,U3,2024-09-05 21:26:35.044000+01:00,1.882,-0.57,9.934,5 (Sideway) both hands SHAKING (sitting)
2807,U3,2024-09-05 21:26:35.205000+01:00,1.882,-0.56,9.917,5 (Sideway) both hands SHAKING (sitting)
2807,U3,2024-09-05 21:26:35.361000+01:00,1.887,-0.572,9.91,5 (Sideway) both hands SHAKING (sitting)
2807,U3,2024-09-05 21:26:35.520000+01:00,1.901,-0.584,9.924,5 (Sideway) both hands SHAKING (sitting)
2807,U3,2024-09-05 21:26:35.682000+01:00,1.899,-0.563,9.91,5 (Sideway) both hands SHAKING (sitting)
2807,U3,2024-09-05 21:26:35.842000+01:00,1.899,-0.584,9.929,5 (Sideway) both hands SHAKING (sitting)
2807,U3,2024-09-05 21:26:36.005000+01:00,1.887,-0.582,9.926,5 (Sideway) both hands SHAKING (sitting)
2807,U3,2024-09-05 21:26:36.161000+01:00,1.891,-0.572,9.919,5 (Sideway) both hands SHAKING (sitting)
2807,U3,2024-09-05 21:26:36.325000+01:00,1.887,-0.56,9.936,5 (Sideway) both hands SHAKING (sitting)
2807,U3,2024-09-05 21:26:36.485000+01:00,1.882,-0.575,9.931,5 (Sideway) both hands SHAKING (sitting)
2807,U3,2024-09-05 21:26:36.644000+01:00,1.891,-0.551,9.936,5 (Sideway) both hands SHAKING (sitting)
2807,U3,2024-09-05 21:26:36.805000+01:00,1.891,-0.555,9.917,5 (Sideway) both hands SHAKING (sitting)
2807,U3,2024-09-05 21:26:36.964000+01:00,1.884,-0.579,9.919,5 (Sideway) both hands SHAKING (sitting)
2807,U3,2024-09-05 21:26:37.124000+01:00,1.887,-0.572,9.919,5 (Sideway) both hands SHAKING (sitting)
2807,U3,2024-09-05 21:26:37.282000+01:00,1.882,-0.594,9.934,5 (Sideway) both hands SHAKING (sitting)
2807,U3,2024-09-05 21:26:37.439000+01:00,1.877,-0.565,9.938,5 (Sideway) both hands SHAKING (sitting)
2807,U3,2024-09-05 21:26:37.601000+01:00,1.891,-0.546,9.926,5 (Sideway) both hands SHAKING (sitting)
2807,U3,2024-09-05 21:26:37.762000+01:00,1.884,-0.555,9.926,5 (Sideway) both hands SHAKING (sitting)
2807,U3,2024-09-05 21:26:37.925000+01:00,1.889,-0.546,9.926,5 (Sideway) both hands SHAKING (sitting)
2807,U3,2024-09-05 21:26:38.085000+01:00,1.891,-0.558,9.926,5 (Sideway) both hands SHAKING (sitting)
2807,U3,2024-09-05 21:26:38.245000+01:00,1.889,-0.558,9.924,5 (Sideway) both hands SHAKING (sitting)
2807,U3,2024-09-05 21:26:38.403000+01:00,1.889,-0.551,9.943,5 (Sideway) both hands SHAKING (sitting)
2807,U3,2024-09-05 21:26:38.562000+01:00,1.894,-0.555,9.919,5 (Sideway) both hands SHAKING (sitting)
2807,U3,2024-09-05 21:26:38.724000+01:00,1.867,-0.567,9.919,5 (Sideway) both hands SHAKING (sitting)
2807,U3,2024-09-05 21:26:38.885000+01:00,1.891,-0.555,9.931,5 (Sideway) both hands SHAKING (sitting)
2807,U3,2024-09-05 21:26:39.044000+01:00,1.882,-0.543,9.924,5 (Sideway) both hands SHAKING (sitting)
2807,U3,2024-09-05 21:26:39.204000+01:00,1.863,-0.56,9.943,5 (Sideway) both hands SHAKING (sitting)
2807,U3,2024-09-05 21:26:39.360000+01:00,1.894,-0.567,9.934,5 (Sideway) both hands SHAKING (sitting)
2807,U3,2024-09-05 21:26:39.524000+01:00,1.891,-0.546,9.922,5 (Sideway) both hands SHAKING (sitting)
2807,U3,2024-09-05 21:26:39.684000+01:00,1.87,-0.567,9.931,5 (Sideway) both hands SHAKING (sitting)
2807,U3,2024-09-05 21:26:39.842000+01:00,1.896,-0.575,9.929,5 (Sideway) both hands SHAKING (sitting)
2807,U3,2024-09-05 21:26:40.002000+01:00,1.901,-0.577,9.919,5 (Sideway) both hands SHAKING (sitting)
2807,U3,2024-09-05 21:26:40.161000+01:00,1.891,-0.579,9.941,5 (Sideway) both hands SHAKING (sitting)
2807,U3,2024-09-05 21:26:40.325000+01:00,1.903,-0.577,9.917,5 (Sideway) both hands SHAKING (sitting)
2807,U3,2024-09-05 21:26:40.484000+01:00,1.891,-0.565,9.919,5 (Sideway) both hands SHAKING (sitting)
2807,U3,2024-09-05 21:26:40.641000+01:00,1.867,-0.57,9.936,5 (Sideway) both hands SHAKING (sitting)
2807,U3,2024-09-05 21:26:40.801000+01:00,1.879,-0.548,9.917,5 (Sideway) both hands SHAKING (sitting)
2807,U3,2024-09-05 21:26:40.965000+01:00,1.867,-0.565,9.922,5 (Sideway) both hands SHAKING (sitting)
2807,U3,2024-09-05 21:26:41.125000+01:00,1.889,-0.572,9.931,5 (Sideway) both hands SHAKING (sitting)
2807,U3,2024-09-05 21:26:41.281000+01:00,1.896,-0.558,9.919,5 (Sideway) both hands SHAKING (sitting)
2807,U3,2024-09-05 21:26:41.440000+01:00,1.887,-0.555,9.912,5 (Sideway) both hands SHAKING (sitting)
2807,U3,2024-09-05 21:26:41.601000+01:00,1.875,-0.567,9.922,5 (Sideway) both hands SHAKING (sitting)
2807,U3,2024-09-05 21:26:41.762000+01:00,1.894,-0.555,9.941,5 (Sideway) both hands SHAKING (sitting)
2807,U3,2024-09-05 21:26:41.924000+01:00,1.889,-0.567,9.907,5 (Sideway) both hands SHAKING (sitting)
2807,U3,2024-09-05 21:26:42.084000+01:00,1.891,-0.555,9.931,5 (Sideway) both hands SHAKING (sitting)
2807,U3,2024-09-05 21:26:42.244000+01:00,1.889,-0.565,9.919,5 (Sideway) both hands SHAKING (sitting)
2807,U3,2024-09-05 21:26:42.402000+01:00,1.877,-0.555,9.931,5 (Sideway) both hands SHAKING (sitting)
2807,U3,2024-09-05 21:26:42.563000+01:00,1.879,-0.553,9.929,5 (Sideway) both hands SHAKING (sitting)
2807,U3,2024-09-05 21:26:42.721000+01:00,1.889,-0.563,9.946,5 (Sideway) both hands SHAKING (sitting)
2807,U3,2024-09-05 21:26:42.885000+01:00,1.896,-0.546,9.91,5 (Sideway) both hands SHAKING (sitting)
2807,U3,2024-09-05 21:26:43.044000+01:00,1.901,-0.524,9.931,5 (Sideway) both hands SHAKING (sitting)
2807,U3,2024-09-05 21:26:43.202000+01:00,1.875,-0.563,9.914,5 (Sideway) both hands SHAKING (sitting)
2807,U3,2024-09-05 21:26:43.364000+01:00,1.906,-0.577,9.912,5 (Sideway) both hands SHAKING (sitting)
2807,U3,2024-09-05 21:26:43.524000+01:00,1.901,-0.56,9.938,5 (Sideway) both hands SHAKING (sitting)
2807,U3,2024-09-05 21:26:43.682000+01:00,1.879,-0.584,9.924,5 (Sideway) both hands SHAKING (sitting)
2807,U3,2024-09-05 21:26:43.844000+01:00,1.887,-0.553,9.917,5 (Sideway) both hands SHAKING (sitting)
2807,U3,2024-09-05 21:26:44.004000+01:00,1.887,-0.553,9.924,5 (Sideway) both hands SHAKING (sitting)
2807,U3,2024-09-05 21:26:44.163000+01:00,1.901,-0.572,9.926,5 (Sideway) both hands SHAKING (sitting)
2807,U3,2024-09-05 21:26:44.321000+01:00,1.903,-0.589,9.936,5 (Sideway) both hands SHAKING (sitting)
2807,U3,2024-09-05 21:26:44.484000+01:00,1.882,-0.563,9.914,5 (Sideway) both hands SHAKING (sitting)
2807,U3,2024-09-05 21:26:44.644000+01:00,1.899,-0.551,9.926,5 (Sideway) both hands SHAKING (sitting)
2807,U3,2024-09-05 21:26:44.805000+01:00,1.875,-0.565,9.914,5 (Sideway) both hands SHAKING (sitting)
2807,U3,2024-09-05 21:26:44.965000+01:00,1.894,-0.567,9.946,5 (Sideway) both hands SHAKING (sitting)
2807,U3,2024-09-05 21:26:45.121000+01:00,1.891,-0.582,9.929,5 (Sideway) both hands SHAKING (sitting)
2807,U3,2024-09-05 21:26:45.284000+01:00,1.879,-0.572,9.919,5 (Sideway) both hands SHAKING (sitting)
2807,U3,2024-09-05 21:26:45.441000+01:00,1.889,-0.567,9.938,5 (Sideway) both hands SHAKING (sitting)
2807,U3,2024-09-05 21:26:45.601000+01:00,1.884,-0.575,9.922,5 (Sideway) both hands SHAKING (sitting)
2807,U3,2024-09-05 21:26:45.765000+01:00,1.87,-0.572,9.948,5 (Sideway) both hands SHAKING (sitting)
2807,U3,2024-09-05 21:26:45.925000+01:00,1.887,-0.567,9.926,5 (Sideway) both hands SHAKING (sitting)
2807,U3,2024-09-05 21:26:46.084000+01:00,1.887,-0.553,9.919,5 (Sideway) both hands SHAKING (sitting)
2807,U3,2024-09-05 21:26:46.241000+01:00,1.879,-0.56,9.924,5 (Sideway) both hands SHAKING (sitting)
2807,U3,2024-09-05 21:26:46.405000+01:00,1.887,-0.57,9.931,5 (Sideway) both hands SHAKING (sitting)
2807,U3,2024-09-05 21:26:46.565000+01:00,1.882,-0.567,9.938,5 (Sideway) both hands SHAKING (sitting)
2807,U3,2024-09-05 21:26:46.725000+01:00,1.882,-0.548,9.924,5 (Sideway) both hands SHAKING (sitting)
2807,U3,2024-09-05 21:26:46.884000+01:00,1.894,-0.575,9.924,5 (Sideway) both hands SHAKING (sitting)
2807,U3,2024-09-05 21:26:47.044000+01:00,1.901,-0.555,9.943,5 (Sideway) both hands SHAKING (sitting)
2807,U3,2024-09-05 21:26:47.205000+01:00,1.877,-0.563,9.924,5 (Sideway) both hands SHAKING (sitting)
2807,U3,2024-09-05 21:26:47.360000+01:00,1.877,-0.572,9.924,5 (Sideway) both hands SHAKING (sitting)
2807,U3,2024-09-05 21:26:47.523000+01:00,1.899,-0.555,9.926,5 (Sideway) both hands SHAKING (sitting)
2807,U3,2024-09-05 21:26:47.684000+01:00,1.887,-0.555,9.934,5 (Sideway) both hands SHAKING (sitting)
2807,U3,2024-09-05 21:26:47.841000+01:00,1.884,-0.57,9.931,5 (Sideway) both hands SHAKING (sitting)
2807,U3,2024-09-05 21:26:48.004000+01:00,1.887,-0.558,9.924,5 (Sideway) both hands SHAKING (sitting)
2807,U3,2024-09-05 21:26:48.165000+01:00,1.894,-0.553,9.941,5 (Sideway) both hands SHAKING (sitting)
2807,U3,2024-09-05 21:26:48.325000+01:00,1.887,-0.563,9.938,5 (Sideway) both hands SHAKING (sitting)
2807,U3,2024-09-05 21:26:48.480000+01:00,1.884,-0.563,9.924,5 (Sideway) both hands SHAKING (sitting)
2807,U3,2024-09-05 21:26:48.645000+01:00,1.894,-0.57,9.919,5 (Sideway) both hands SHAKING (sitting)
2807,U3,2024-09-05 21:26:48.804000+01:00,1.875,-0.56,9.931,5 (Sideway) both hands SHAKING (sitting)
2807,U3,2024-09-05 21:26:48.961000+01:00,1.896,-0.558,9.931,5 (Sideway) both hands SHAKING (sitting)
2807,U3,2024-09-05 21:26:49.123000+01:00,1.899,-0.548,9.902,5 (Sideway) both hands SHAKING (sitting)
2807,U3,2024-09-05 21:26:49.281000+01:00,1.884,-0.567,9.922,5 (Sideway) both hands SHAKING (sitting)
2807,U3,2024-09-05 21:26:49.441000+01:00,1.877,-0.553,9.936,5 (Sideway) both hands SHAKING (sitting)
2807,U3,2024-09-05 21:26:49.601000+01:00,1.889,-0.57,9.926,5 (Sideway) both hands SHAKING (sitting)
2807,U3,2024-09-05 21:26:49.765000+01:00,1.899,-0.563,9.922,5 (Sideway) both hands SHAKING (sitting)
2807,U3,2024-09-05 21:26:49.925000+01:00,1.872,-0.565,9.912,5 (Sideway) both hands SHAKING (sitting)
2807,U3,2024-09-05 21:26:50.081000+01:00,1.908,-0.563,9.929,5 (Sideway) both hands SHAKING (sitting)
2807,U3,2024-09-05 21:26:50.245000+01:00,1.896,-0.551,9.931,5 (Sideway) both hands SHAKING (sitting)
2807,U3,2024-09-05 21:26:50.405000+01:00,1.867,-0.541,9.948,5 (Sideway) both hands SHAKING (sitting)
2807,U3,2024-09-05 21:26:50.561000+01:00,1.891,-0.56,9.929,5 (Sideway) both hands SHAKING (sitting)
2807,U3,2024-09-05 21:26:50.723000+01:00,1.877,-0.546,9.936,5 (Sideway) both hands SHAKING (sitting)
2807,U3,2024-09-05 21:26:50.885000+01:00,1.875,-0.572,9.936,5 (Sideway) both hands SHAKING (sitting)
2807,U3,2024-09-05 21:26:51.044000+01:00,1.884,-0.563,9.917,5 (Sideway) both hands SHAKING (sitting)
2807,U3,2024-09-05 21:26:51.205000+01:00,1.891,-0.565,9.934,5 (Sideway) both hands SHAKING (sitting)
2807,U3,2024-09-05 21:26:51.365000+01:00,1.887,-0.558,9.929,5 (Sideway) both hands SHAKING (sitting)
2807,U3,2024-09-05 21:26:51.520000+01:00,1.891,-0.565,9.924,5 (Sideway) both hands SHAKING (sitting)
2807,U3,2024-09-05 21:26:51.685000+01:00,1.875,-0.575,9.934,5 (Sideway) both hands SHAKING (sitting)
2807,U3,2024-09-05 21:26:51.845000+01:00,1.879,-0.57,9.931,5 (Sideway) both hands SHAKING (sitting)
2807,U3,2024-09-05 21:26:52.005000+01:00,1.913,-0.567,9.922,5 (Sideway) both hands SHAKING (sitting)
2807,U3,2024-09-05 21:26:52.161000+01:00,1.879,-0.579,9.938,5 (Sideway) both hands SHAKING (sitting)
2807,U3,2024-09-05 21:26:52.324000+01:00,1.887,-0.56,9.924,5 (Sideway) both hands SHAKING (sitting)
2807,U3,2024-09-05 21:26:52.481000+01:00,1.87,-0.548,9.929,5 (Sideway) both hands SHAKING (sitting)
2807,U3,2024-09-05 21:26:52.644000+01:00,1.891,-0.577,9.934,5 (Sideway) both hands SHAKING (sitting)
2807,U3,2024-09-05 21:26:52.801000+01:00,1.896,-0.555,9.926,5 (Sideway) both hands SHAKING (sitting)
2807,U3,2024-09-05 21:26:52.964000+01:00,1.887,-0.567,9.924,5 (Sideway) both hands SHAKING (sitting)
2807,U3,2024-09-05 21:26:53.125000+01:00,1.891,-0.575,9.938,5 (Sideway) both hands SHAKING (sitting)
2807,U3,2024-09-05 21:26:53.282000+01:00,1.884,-0.541,9.926,5 (Sideway) both hands SHAKING (sitting)
2807,U3,2024-09-05 21:26:53.444000+01:00,1.87,-0.558,9.929,5 (Sideway) both hands SHAKING (sitting)
2807,U3,2024-09-05 21:26:53.601000+01:00,1.884,-0.565,9.931,5 (Sideway) both hands SHAKING (sitting)
2807,U3,2024-09-05 21:26:53.761000+01:00,1.887,-0.553,9.914,5 (Sideway) both hands SHAKING (sitting)
2807,U3,2024-09-05 21:26:53.924000+01:00,1.891,-0.553,9.934,5 (Sideway) both hands SHAKING (sitting)
2807,U3,2024-09-05 21:26:54.084000+01:00,1.887,-0.572,9.938,5 (Sideway) both hands SHAKING (sitting)
2807,U3,2024-09-05 21:26:54.244000+01:00,1.899,-0.584,9.929,5 (Sideway) both hands SHAKING (sitting)
2807,U3,2024-09-05 21:26:54.402000+01:00,1.884,-0.594,9.931,5 (Sideway) both hands SHAKING (sitting)
2807,U3,2024-09-05 21:26:54.564000+01:00,1.889,-0.579,9.929,5 (Sideway) both hands SHAKING (sitting)
2807,U3,2024-09-05 21:26:54.725000+01:00,1.865,-0.567,9.924,5 (Sideway) both hands SHAKING (sitting)
2807,U3,2024-09-05 21:26:54.884000+01:00,1.889,-0.548,9.941,5 (Sideway) both hands SHAKING (sitting)
2807,U3,2024-09-05 21:26:55.042000+01:00,1.906,-0.563,9.946,5 (Sideway) both hands SHAKING (sitting)
2807,U3,2024-09-05 21:26:55.204000+01:00,1.889,-0.541,9.917,5 (Sideway) both hands SHAKING (sitting)
2807,U3,2024-09-05 21:26:55.363000+01:00,1.882,-0.553,9.919,5 (Sideway) both hands SHAKING (sitting)
2807,U3,2024-09-05 21:26:55.525000+01:00,1.884,-0.565,9.941,5 (Sideway) both hands SHAKING (sitting)
2807,U3,2024-09-05 21:26:55.680000+01:00,1.875,-0.565,9.941,5 (Sideway) both hands SHAKING (sitting)
2807,U3,2024-09-05 21:26:55.841000+01:00,1.889,-0.575,9.938,5 (Sideway) both hands SHAKING (sitting)
2807,U3,2024-09-05 21:26:56.003000+01:00,1.903,-0.56,9.943,5 (Sideway) both hands SHAKING (sitting)
2807,U3,2024-09-05 21:26:56.162000+01:00,1.875,-0.582,9.934,5 (Sideway) both hands SHAKING (sitting)
2807,U3,2024-09-05 21:26:56.325000+01:00,1.889,-0.577,9.934,5 (Sideway) both hands SHAKING (sitting)
2807,U3,2024-09-05 21:26:56.482000+01:00,1.896,-0.582,9.934,5 (Sideway) both hands SHAKING (sitting)
2807,U3,2024-09-05 21:26:56.642000+01:00,1.889,-0.558,9.936,5 (Sideway) both hands SHAKING (sitting)
2807,U3,2024-09-05 21:26:56.802000+01:00,1.872,-0.577,9.931,5 (Sideway) both hands SHAKING (sitting)
2807,U3,2024-09-05 21:26:56.963000+01:00,1.891,-0.553,9.922,5 (Sideway) both hands SHAKING (sitting)
2807,U3,2024-09-05 21:26:57.125000+01:00,1.882,-0.563,9.917,5 (Sideway) both hands SHAKING (sitting)
2807,U3,2024-09-05 21:26:57.281000+01:00,1.877,-0.563,9.926,5 (Sideway) both hands SHAKING (sitting)
2807,U3,2024-09-05 21:26:57.444000+01:00,1.872,-0.57,9.926,5 (Sideway) both hands SHAKING (sitting)
2807,U3,2024-09-05 21:26:57.600000+01:00,1.891,-0.577,9.926,5 (Sideway) both hands SHAKING (sitting)
2807,U3,2024-09-05 21:26:57.763000+01:00,1.87,-0.572,9.905,5 (Sideway) both hands SHAKING (sitting)
2807,U3,2024-09-05 21:26:57.922000+01:00,1.875,-0.555,9.926,5 (Sideway) both hands SHAKING (sitting)
2807,U3,2024-09-05 21:26:58.081000+01:00,1.882,-0.553,9.926,5 (Sideway) both hands SHAKING (sitting)
2807,U3,2024-09-05 21:26:58.242000+01:00,1.882,-0.567,9.924,5 (Sideway) both hands SHAKING (sitting)
2807,U3,2024-09-05 21:26:58.405000+01:00,1.889,-0.558,9.924,5 (Sideway) both hands SHAKING (sitting)
2807,U3,2024-09-05 21:26:58.562000+01:00,1.877,-0.565,9.926,5 (Sideway) both hands SHAKING (sitting)
2807,U3,2024-09-05 21:26:58.720000+01:00,1.877,-0.558,9.922,5 (Sideway) both hands SHAKING (sitting)
2807,U3,2024-09-05 21:26:58.885000+01:00,1.889,-0.575,9.9,5 (Sideway) both hands SHAKING (sitting)
2807,U3,2024-09-05 21:26:59.041000+01:00,1.882,-0.56,9.922,5 (Sideway) both hands SHAKING (sitting)
2807,U3,2024-09-05 21:26:59.202000+01:00,1.887,-0.582,9.941,5 (Sideway) both hands SHAKING (sitting)
2807,U3,2024-09-05 21:26:59.365000+01:00,1.887,-0.572,9.946,5 (Sideway) both hands SHAKING (sitting)
2807,U3,2024-09-05 21:26:59.521000+01:00,1.896,-0.575,9.912,5 (Sideway) both hands SHAKING (sitting)
2807,U3,2024-09-05 21:26:59.684000+01:00,1.894,-0.584,9.922,5 (Sideway) both hands SHAKING (sitting)
2807,U3,2024-09-05 21:26:59.840000+01:00,1.882,-0.579,9.907,5 (Sideway) both hands SHAKING (sitting)
